id,name,gender,gender_probability,age,age_group,country_id,country_name,country_probability,created_at
019dab39-2ad3-7802-ac5f-c956486836f4,zodwa girma,female,0.91,71,senior,RW,Rwanda,0.12,2026-04-20 14:09:03.700099+00:00
019dab39-2acb-7ae2-9817-abdafeb1a706,akosua adjei,female,0.92,6,child,NG,Nigeria,0.4,2026-04-20 14:09:03.691774+00:00
019dab39-2ac4-727b-ba76-9fb040b876de,william johnson,male,0.74,81,senior,AU,Australia,0.62,2026-04-20 14:09:03.685019+00:00
019dab39-2abf-72d4-93a0-aa83459f0aba,thabo ndebele,male,0.66,18,teenager,AO,Angola,0.68,2026-04-20 14:09:03.679294+00:00
019dab39-2ab9-7c59-a831-15075b532072,hauwa tadesse,female,0.92,7,child,KE,Kenya,0.62,2026-04-20 14:09:03.673366+00:00
019dab39-2ab4-7753-b702-91f2e00a0a42,akua traoré,female,0.82,68,senior,NG,Nigeria,0.44,2026-04-20 14:09:03.668780+00:00
019dab39-2aaf-7e41-9f54-9b7a962bfd0b,ekow amoah,male,0.87,42,adult,SN,Senegal,0.11,2026-04-20 14:09:03.663423+00:00
019dab39-2aa8-7cc3-a1ee-ecb54419363c,sharon wright,female,0.86,89,senior,GB,United Kingdom,0.38,2026-04-20 14:09:03.656798+00:00
019dab39-2aa4-7d37-abc2-12896df753bb,thabo tshuma,male,0.78,39,adult,ZA,South Africa,0.77,2026-04-20 14:09:03.652354+00:00
019dab39-2a9f-781c-830a-59d38f4c8ec9,betty taylor,female,0.95,83,senior,IN,India,0.84,2026-04-20 14:09:03.647536+00:00
019dab39-2a9b-75c9-b7a8-8c6627c0b92f,george martin,male,0.79,16,teenager,BR,Brazil,0.35,2026-04-20 14:09:03.643143+00:00
019dab39-2a96-7d5a-8022-e72a3efddf3a,bethlehem bekele,female,0.94,71,senior,MU,Mauritius,0.4,2026-04-20 14:09:03.638168+00:00
019dab39-2a91-7117-a3ab-0ee1ce9736f1,rakiya mnguni,female,0.8,6,child,SO,Somalia,0.52,2026-04-20 14:09:03.633730+00:00
019dab39-2a8c-7224-b360-2dea15bf2522,théodore amoah,male,0.66,51,adult,ML,Mali,0.8,2026-04-20 14:09:03.628261+00:00
019dab39-2a86-76b7-ae4a-35bc5dce442b,ryan torres,male,0.94,36,adult,GB,United Kingdom,0.51,2026-04-20 14:09:03.622924+00:00
019dab39-2a82-7ddc-b106-44f6347a3c18,joshua davis,male,0.84,42,adult,US,United States,0.43,2026-04-20 14:09:03.618741+00:00
019dab39-2a7d-7c58-a575-75d0f080ee70,akinyi ali,female,0.84,37,adult,UG,Uganda,0.17,2026-04-20 14:09:03.613356+00:00
019dab39-2a77-7383-a1f2-bccc7c00d5cb,adjoua amoah,female,0.98,18,teenager,ML,Mali,0.52,2026-04-20 14:09:03.607791+00:00
019dab39-2a73-79fd-82c4-09c49c585fd8,yusuf dlamini,male,0.86,58,adult,SO,Somalia,0.32,2026-04-20 14:09:03.603763+00:00
019dab39-2a6f-7be2-a598-bc225f2d76a4,paul tchalla,male,0.75,27,adult,SL,Sierra Leone,0.45,2026-04-20 14:09:03.599944+00:00
019dab39-2a6b-7b08-93fd-63492451e485,daniel roberts,male,0.67,34,adult,IN,India,0.57,2026-04-20 14:09:03.596011+00:00
019dab39-2a67-74d3-b283-4686121c0e7e,kamau omar,male,0.77,34,adult,MW,Malawi,0.43,2026-04-20 14:09:03.591282+00:00
019dab39-2a63-7d10-ac19-75d1c0712497,tigist ali,female,0.85,61,senior,MZ,Mozambique,0.3,2026-04-20 14:09:03.587535+00:00
019dab39-2a5f-77db-b5b7-34151c9605dc,aminata boateng,female,0.69,10,child,NG,Nigeria,0.72,2026-04-20 14:09:03.583811+00:00
019dab39-2a5b-780d-8c24-649ebda9d709,hauwa alemu,female,0.76,27,adult,MZ,Mozambique,0.73,2026-04-20 14:09:03.579475+00:00
019dab39-2a56-7ce1-afd0-a6862c268e72,richard camara,male,0.87,31,adult,NG,Nigeria,0.7,2026-04-20 14:09:03.574715+00:00
019dab39-2a52-7b54-85d1-4e34d85ee4fc,nomsa haile,female,0.79,21,adult,MG,Madagascar,0.8,2026-04-20 14:09:03.570711+00:00
019dab39-2a4e-7077-8665-6578ae6b1439,barbara garcia,female,0.72,58,adult,GB,United Kingdom,0.57,2026-04-20 14:09:03.566718+00:00
019dab39-2a4a-72c1-ac06-fef120af6bb0,emmanuel touré,male,0.71,38,adult,NG,Nigeria,0.51,2026-04-20 14:09:03.562254+00:00
019dab39-2a44-7453-9608-9a9af60fab6d,robert perez,male,0.91,15,teenager,DE,Germany,0.77,2026-04-20 14:09:03.556753+00:00
019dab39-2a40-779b-bb35-a9f15bdae72d,alexis amoah,male,0.87,67,senior,BJ,Benin,0.85,2026-04-20 14:09:03.552601+00:00
019dab39-2a3c-7d2b-92fb-2d2e5747e6f1,jessica parker,female,0.67,49,adult,US,United States,0.12,2026-04-20 14:09:03.548325+00:00
019dab39-2a37-7db0-bf1a-8ff06dbfe63d,tigist elmi,female,0.8,11,child,ER,Eritrea,0.21,2026-04-20 14:09:03.543384+00:00
019dab39-2a32-7a0c-b0f6-e37a9ed8429a,lindiwe tadesse,female,0.66,44,adult,KE,Kenya,0.14,2026-04-20 14:09:03.538565+00:00
019dab39-2a2d-708b-9fea-276292eb42aa,joseph adeyemi,male,0.92,13,teenager,CI,Côte d'Ivoire,0.92,2026-04-20 14:09:03.533586+00:00
019dab39-2a29-7ebe-a758-c3fe0fd3d7ff,zulai warsame,female,0.65,62,senior,ER,Eritrea,0.59,2026-04-20 14:09:03.529153+00:00
019dab39-2a23-7065-a64b-957c2cc38d38,gary thomas,male,0.78,34,adult,CN,China,0.14,2026-04-20 14:09:03.523734+00:00
019dab39-2a1d-70b1-9e9e-238d6ee718f5,omar warsame,male,0.8,11,child,MG,Madagascar,0.48,2026-04-20 14:09:03.517581+00:00
019dab39-2a17-78bd-9d0b-ec4b4d10fd24,susan smith,female,0.85,33,adult,US,United States,0.49,2026-04-20 14:09:03.511357+00:00
019dab39-2a12-75d9-8cb7-694af80d1adf,hassan abebe,male,0.69,64,senior,MW,Malawi,0.16,2026-04-20 14:09:03.506753+00:00
019dab39-2a0e-7779-92d0-8cb941c3fe90,david allen,male,0.68,16,teenager,JP,Japan,0.44,2026-04-20 14:09:03.502398+00:00
019dab39-2a09-73fb-af11-9513313d74b2,ebo olawale,male,0.94,75,senior,GH,Ghana,0.74,2026-04-20 14:09:03.498176+00:00
019dab39-2a04-7223-9624-8857dab5fbb4,marcel nkoghe,male,0.68,31,adult,TD,Chad,0.53,2026-04-20 14:09:03.492730+00:00
019dab39-29ff-7b0f-9f47-c9d49c9d6f76,richard wright,male,0.88,19,teenager,FR,France,0.13,2026-04-20 14:09:03.487473+00:00
019dab39-29fb-7851-8b53-33c6d12eb766,cheikh kponton,male,0.96,85,senior,BJ,Benin,0.36,2026-04-20 14:09:03.483392+00:00
019dab39-29f6-749b-88e4-7c4ed9e9313e,yasmine lamrani,female,0.79,43,adult,TN,Tunisia,0.67,2026-04-20 14:09:03.478811+00:00
019dab39-29f1-718b-b81d-446388b7dfaa,fatoumata babatunde,female,0.84,47,adult,GH,Ghana,0.3,2026-04-20 14:09:03.474086+00:00
019dab39-29ed-7934-99a5-44176f63e829,ama ouédraogo,male,0.89,68,senior,BJ,Benin,0.56,2026-04-20 14:09:03.469496+00:00
019dab39-29e7-7fcb-9fd6-75279ea0f3b1,zineb hajji,female,0.77,40,adult,TN,Tunisia,0.81,2026-04-20 14:09:03.463622+00:00
019dab39-29e2-7dcb-8209-de7c0c4cab5d,james parker,male,0.84,11,child,IN,India,0.77,2026-04-20 14:09:03.458304+00:00
019dab39-29dc-7dbd-905b-171482a37ec6,hervé kponton,male,0.75,41,adult,SN,Senegal,0.12,2026-04-20 14:09:03.452408+00:00
019dab39-29d4-7177-9604-09590424bc4b,pierre adoula,male,0.75,48,adult,CM,Cameroon,0.39,2026-04-20 14:09:03.445195+00:00
019dab39-29cd-7443-a10f-c5625412b208,wanja khumalo,female,0.97,56,adult,ET,Ethiopia,0.29,2026-04-20 14:09:03.437487+00:00
019dab39-29c6-73b7-a30e-9e7c0a315c81,hafsat alemu,female,0.85,10,child,MZ,Mozambique,0.39,2026-04-20 14:09:03.430618+00:00
019dab39-29bd-78ab-829d-f0654d7a33cc,yaa touré,female,0.67,54,adult,NG,Nigeria,0.58,2026-04-20 14:09:03.421477+00:00
019dab39-29b6-786f-8e88-12454b60a115,amadou okonkwo,male,0.74,5,child,CV,Cape Verde,0.51,2026-04-20 14:09:03.414491+00:00
019dab39-29ae-7238-8271-4ef24a1cee21,tigist mohamed,female,0.66,49,adult,ET,Ethiopia,0.73,2026-04-20 14:09:03.406313+00:00
019dab39-29a8-7786-b616-6047e0ce9174,zanele ndlovu,female,0.77,17,teenager,ER,Eritrea,0.88,2026-04-20 14:09:03.401049+00:00
019dab39-29a4-757b-8418-52529f103750,jama ahmed,male,0.79,17,teenager,MW,Malawi,0.51,2026-04-20 14:09:03.396654+00:00
019dab39-299f-7864-b598-bfcb7b779a77,aya saidi,female,0.93,86,senior,EG,Egypt,0.91,2026-04-20 14:09:03.391718+00:00
019dab39-299b-736c-a08a-a3d8fb8b03ef,andrew smith,male,0.98,78,senior,GB,United Kingdom,0.58,2026-04-20 14:09:03.387618+00:00
019dab39-2996-7fe1-ac14-6dec7939ac51,mary mitchell,female,0.8,27,adult,US,United States,0.37,2026-04-20 14:09:03.382818+00:00
019dab39-298f-76f2-ad69-6436f68082f4,mary baker,female,0.68,13,teenager,DE,Germany,0.51,2026-04-20 14:09:03.376178+00:00
019dab39-298b-72e1-8113-049e993c1ef3,aya hajji,female,0.98,18,teenager,SD,Sudan,0.19,2026-04-20 14:09:03.371785+00:00
019dab39-2987-7158-abf9-b2097319a44e,mazvita cele,female,0.78,37,adult,AO,Angola,0.59,2026-04-20 14:09:03.367734+00:00
019dab39-2983-755e-b3fd-8e3252b8f4af,lesego ndlovu,male,0.75,86,senior,AO,Angola,0.2,2026-04-20 14:09:03.363751+00:00
019dab39-297e-72cb-bc47-8fa90d848bff,waweru hassan,male,0.66,39,adult,KM,Comoros,0.6,2026-04-20 14:09:03.358601+00:00
019dab39-297a-756d-9b63-453a4500a3b8,tebogo dube,male,0.79,17,teenager,ZA,South Africa,0.89,2026-04-20 14:09:03.354878+00:00
019dab39-2976-7a89-b0e2-ffb74ec86b86,otieno nkosi,male,0.97,46,adult,MZ,Mozambique,0.51,2026-04-20 14:09:03.350416+00:00
019dab39-2971-7d7f-9314-ab732e2373af,esi kponton,female,0.97,71,senior,GH,Ghana,0.38,2026-04-20 14:09:03.346026+00:00
019dab39-296c-7b19-a04b-57743b8226ac,hajar chraibi,female,0.78,70,senior,EG,Egypt,0.65,2026-04-20 14:09:03.340807+00:00
019dab39-2968-780b-908f-c67342dcaebb,henri mukendi,male,0.92,36,adult,CD,DR Congo,0.3,2026-04-20 14:09:03.336412+00:00
019dab39-2963-73d9-9c6c-190b1557a53f,thabo dlamini,male,0.99,79,senior,ZA,South Africa,0.4,2026-04-20 14:09:03.331585+00:00
019dab39-295e-780d-84c9-2a8c7e6fbcf7,youssef khalil,male,0.87,35,adult,TN,Tunisia,0.95,2026-04-20 14:09:03.326912+00:00
019dab39-295a-7a64-8e66-a4da522acf2e,abena boateng,female,0.71,17,teenager,NG,Nigeria,0.38,2026-04-20 14:09:03.322145+00:00
019dab39-2956-7ea9-9811-21b16660541d,nyambura mengistu,female,0.67,71,senior,SC,Seychelles,0.71,2026-04-20 14:09:03.318481+00:00
019dab39-2952-7325-9115-19f5c49f36a8,ouma tadesse,male,0.76,18,teenager,SS,South Sudan,0.59,2026-04-20 14:09:03.314159+00:00
019dab39-294c-7efc-a83e-0aa13049d2b2,sekai shabalala,female,0.79,5,child,ZW,Zimbabwe,0.36,2026-04-20 14:09:03.308809+00:00
019dab39-2948-73cc-b35b-a781063c31f8,daniel chukwu,male,0.71,60,senior,NG,Nigeria,0.23,2026-04-20 14:09:03.304707+00:00
019dab39-2944-7883-8987-20ab3bc6e1e8,ghita kettani,female,0.94,29,adult,SD,Sudan,0.76,2026-04-20 14:09:03.300448+00:00
019dab39-293f-713c-956c-62be341ad5d4,assata segla,female,0.78,48,adult,ML,Mali,0.7,2026-04-20 14:09:03.296025+00:00
019dab39-293b-75e6-912c-b9850e88d09d,hamza khalil,male,0.7,57,adult,TN,Tunisia,0.16,2026-04-20 14:09:03.291553+00:00
019dab39-2937-773f-a427-23fa01fcead1,hamza khatib,male,0.75,82,senior,MA,Morocco,0.93,2026-04-20 14:09:03.287261+00:00
019dab39-2933-73c9-8c5b-de324e29c056,abena kponton,female,0.95,40,adult,MR,Mauritania,0.83,2026-04-20 14:09:03.283288+00:00
019dab39-292f-7b14-a1e7-79a0ddd9ded4,rakiya omar,female,0.76,40,adult,DJ,Djibouti,0.12,2026-04-20 14:09:03.279362+00:00
019dab39-292a-7167-85d0-f0f81a443948,tendai cele,male,0.97,16,teenager,TZ,Tanzania,0.15,2026-04-20 14:09:03.274684+00:00
019dab39-2926-73c9-bf5b-465c53bff70d,almaz mohamed,female,0.9,16,teenager,KE,Kenya,0.81,2026-04-20 14:09:03.270508+00:00
019dab39-2921-7380-9d14-d2ed44bd1699,esi dossou,female,0.82,40,adult,EH,Western Sahara,0.53,2026-04-20 14:09:03.265847+00:00
019dab39-291b-70b8-999f-987051aec67b,ouma masondo,male,0.8,50,adult,BI,Burundi,0.64,2026-04-20 14:09:03.260072+00:00
019dab39-2917-749f-8c1f-a854b81832ca,richard sow,male,0.67,32,adult,CI,Côte d'Ivoire,0.69,2026-04-20 14:09:03.255179+00:00
019dab39-2912-722a-92e2-1337d377fdd5,almaz awino,female,0.98,26,adult,UG,Uganda,0.45,2026-04-20 14:09:03.250331+00:00
019dab39-290d-7908-8476-92dd0de1a059,chérie kabila,female,0.96,79,senior,CM,Cameroon,0.35,2026-04-20 14:09:03.245611+00:00
019dab39-2908-70d2-8819-0a102a282569,david compaoré,male,0.77,65,senior,NG,Nigeria,0.15,2026-04-20 14:09:03.240527+00:00
019dab39-2903-7963-a396-ccd45cd2c4ae,mulu achieng,female,0.94,44,adult,MZ,Mozambique,0.34,2026-04-20 14:09:03.235854+00:00
019dab39-28ff-79ed-9249-87dee31549c8,zodwa ali,female,0.99,6,child,MG,Madagascar,0.9,2026-04-20 14:09:03.231467+00:00
019dab39-28f9-7291-8566-0b1afdf0bb5d,ndéye lokossou,female,0.92,57,adult,CI,Côte d'Ivoire,0.37,2026-04-20 14:09:03.225618+00:00
019dab39-28f5-7049-88c7-517c00ceb145,gloire gizenga,female,0.65,25,adult,CD,DR Congo,0.12,2026-04-20 14:09:03.221169+00:00
019dab39-28f0-787d-8a66-54614fd0e5b3,bilkisu getachew,female,0.75,36,adult,ET,Ethiopia,0.34,2026-04-20 14:09:03.217035+00:00
019dab39-28eb-7bfa-8411-f2856c71ce4f,wanja alemu,female,0.66,50,adult,RW,Rwanda,0.57,2026-04-20 14:09:03.212216+00:00
019dab39-28e5-72f3-8453-33f845fa6d80,cynthia phillips,female,0.75,20,adult,US,United States,0.92,2026-04-20 14:09:03.205767+00:00
019dab39-28e1-759f-b1e8-483f2c40a1ed,oumou keïta,female,0.83,18,teenager,CI,Côte d'Ivoire,0.42,2026-04-20 14:09:03.201219+00:00
019dab39-28dc-7c3c-a668-7cd067cf0948,amanda mitchell,female,0.7,16,teenager,AU,Australia,0.7,2026-04-20 14:09:03.196891+00:00
019dab39-28d7-737f-b47d-367926dc3fc1,zanele ali,female,0.97,80,senior,RW,Rwanda,0.45,2026-04-20 14:09:03.191985+00:00
019dab39-28d3-7592-8385-f89d9d46bfdc,nompumelelo shabalala,female,0.88,82,senior,ET,Ethiopia,0.22,2026-04-20 14:09:03.187944+00:00
019dab39-28cf-7cf3-9d5a-5c86efe911ef,karim el fassi,male,0.94,54,adult,EG,Egypt,0.2,2026-04-20 14:09:03.183787+00:00
019dab39-28cb-746d-9077-4ccdb4138f3b,michelle campbell,female,0.75,5,child,CA,Canada,0.78,2026-04-20 14:09:03.179230+00:00
019dab39-28c5-7bf0-a0cf-02a4fe6c04ff,tendai nxumalo,male,0.76,19,teenager,ET,Ethiopia,0.34,2026-04-20 14:09:03.173317+00:00
019dab39-28bf-7469-b409-64cefe8ef184,thandeka mhlanga,female,0.75,7,child,AO,Angola,0.28,2026-04-20 14:09:03.167353+00:00
019dab39-28b7-789b-9d12-a46cccb7797c,franck sow,male,0.77,26,adult,ML,Mali,0.35,2026-04-20 14:09:03.160249+00:00
019dab39-28b0-73db-b77d-4ed6b837e143,espérance eyeghe,female,0.94,58,adult,CM,Cameroon,0.66,2026-04-20 14:09:03.152896+00:00
019dab39-28ab-7911-84de-3d67051bf1e0,abdou darko,male,0.75,37,adult,SN,Senegal,0.41,2026-04-20 14:09:03.147492+00:00
019dab39-28a4-7fc0-aab9-f69dfff59629,linda perez,female,0.67,26,adult,CA,Canada,0.37,2026-04-20 14:09:03.140903+00:00
019dab39-289e-7201-aeba-829d72396fa6,tendai masondo,male,0.7,18,teenager,ZA,South Africa,0.59,2026-04-20 14:09:03.135005+00:00
019dab39-2897-77e4-8c0b-15a1927aa182,kojo kaboré,male,0.91,39,adult,SN,Senegal,0.5,2026-04-20 14:09:03.127933+00:00
019dab39-2891-756b-a788-b18509c6a72d,thabo shabalala,male,0.89,38,adult,ET,Ethiopia,0.92,2026-04-20 14:09:03.121952+00:00
019dab39-288d-7478-871f-1083b3733fa7,michael nwosu,male,0.72,37,adult,BJ,Benin,0.77,2026-04-20 14:09:03.117763+00:00
019dab39-2889-7c90-b05c-a0ffbcb254b5,khaled lamrani,male,0.85,41,adult,SD,Sudan,0.42,2026-04-20 14:09:03.113530+00:00
019dab39-2885-7c87-a621-634cb113a989,sizwe khumalo,male,0.99,48,adult,ZM,Zambia,0.39,2026-04-20 14:09:03.109714+00:00
019dab39-2881-7cb2-a620-9150613785b8,adwoa chukwu,female,0.93,80,senior,ML,Mali,0.64,2026-04-20 14:09:03.105657+00:00
019dab39-287d-70c3-bdc8-0ef67e577e41,mary williams,female,0.77,24,adult,FR,France,0.36,2026-04-20 14:09:03.101358+00:00
019dab39-2879-7e0f-8a1d-e65ff1643a00,kunle traoré,male,0.77,79,senior,SN,Senegal,0.49,2026-04-20 14:09:03.097466+00:00
019dab39-2874-71ec-bd5c-5232bcd882ba,nancy green,female,0.85,43,adult,US,United States,0.42,2026-04-20 14:09:03.092671+00:00
019dab39-2870-74cf-ac53-ca4ae0020d2b,théophile gizenga,male,0.78,74,senior,CD,DR Congo,0.64,2026-04-20 14:09:03.088725+00:00
019dab39-286c-7a60-9433-1574271a62d7,jason davis,male,0.74,71,senior,GB,United Kingdom,0.79,2026-04-20 14:09:03.084758+00:00
019dab39-2868-7bbf-80d0-82ddb1755e76,tafadzwa sibanda,male,0.86,34,adult,AO,Angola,0.22,2026-04-20 14:09:03.080715+00:00
019dab39-2863-7630-b1c7-3e0fd0256227,lindiwe ahmed,female,0.91,44,adult,KM,Comoros,0.74,2026-04-20 14:09:03.075621+00:00
019dab39-285f-7b30-8a81-c9b1f5068f64,ryan thomas,male,0.86,51,adult,DE,Germany,0.63,2026-04-20 14:09:03.071623+00:00
019dab39-285b-75c6-8d0d-478c6cbe95cc,yaa sawadogo,female,0.8,23,adult,BJ,Benin,0.13,2026-04-20 14:09:03.067616+00:00
019dab39-2857-76a1-96e3-588c4ac827dd,esi hounsou,female,0.72,77,senior,CV,Cape Verde,0.74,2026-04-20 14:09:03.063216+00:00
019dab39-2852-773c-a5b7-c6ed3a44ff7a,awino nxumalo,female,0.71,48,adult,MG,Madagascar,0.14,2026-04-20 14:09:03.058299+00:00
019dab39-284d-7ec0-9e44-54d73b411eb7,njoroge kamau,male,0.67,7,child,UG,Uganda,0.63,2026-04-20 14:09:03.054031+00:00
019dab39-2849-726a-9bd4-cfe0cc6bb47f,kamau awino,male,0.75,38,adult,BI,Burundi,0.22,2026-04-20 14:09:03.050022+00:00
019dab39-2845-7871-b239-97c4a774afb9,tatenda sibanda,male,0.84,43,adult,ZM,Zambia,0.55,2026-04-20 14:09:03.045609+00:00
019dab39-2840-7d82-acd2-506f9dbe92b5,david okafor,male,0.67,38,adult,BJ,Benin,0.42,2026-04-20 14:09:03.040527+00:00
019dab39-283c-7a50-91d8-ddb28c75d74b,emily davis,female,0.77,17,teenager,AU,Australia,0.45,2026-04-20 14:09:03.036303+00:00
019dab39-2838-7bed-b992-5bcf0050fc7d,nomsa mnguni,female,0.78,68,senior,ZA,South Africa,0.84,2026-04-20 14:09:03.032471+00:00
019dab39-2834-7597-bdc1-0f65e861aff2,akua agbodji,female,0.8,40,adult,BJ,Benin,0.28,2026-04-20 14:09:03.028512+00:00
019dab39-282f-721e-8811-5514f5ab5c50,chidi zinsou,male,0.96,83,senior,CI,Côte d'Ivoire,0.41,2026-04-20 14:09:03.023911+00:00
019dab39-282b-7baa-bee8-587f682922a2,samir el fassi,male,0.7,89,senior,DZ,Algeria,0.67,2026-04-20 14:09:03.020050+00:00
019dab39-2827-7f34-8f3d-2fc233a77d68,timothy thomas,male,0.72,30,adult,IN,India,0.89,2026-04-20 14:09:03.015832+00:00
019dab39-2822-7c7d-bf26-30b2dd8cff31,honorine compaoré,female,0.66,45,adult,NG,Nigeria,0.56,2026-04-20 14:09:03.010469+00:00
019dab39-281d-7b77-b47a-122efa3d0f6e,rumbidzai dlamini,female,0.98,7,child,ZA,South Africa,0.59,2026-04-20 14:09:03.005861+00:00
019dab39-2819-7d24-b31e-8ae13ba5bcc4,joseph davis,male,0.72,13,teenager,BR,Brazil,0.85,2026-04-20 14:09:03.001461+00:00
019dab39-2815-7e92-8d79-ca4cb1b21639,hana tazi,female,0.67,27,adult,EG,Egypt,0.57,2026-04-20 14:09:02.997565+00:00
019dab39-2811-749e-8f89-6aaa54ab26d7,blessing sow,female,0.87,33,adult,GN,Guinea,0.4,2026-04-20 14:09:02.993254+00:00
019dab39-280d-74bb-9928-68c598b1a7e8,lerato nkosi,male,0.65,10,child,UG,Uganda,0.34,2026-04-20 14:09:02.989327+00:00
019dab39-2809-7412-8339-a8adca38376b,didier tchalla,male,0.82,41,adult,BJ,Benin,0.55,2026-04-20 14:09:02.985480+00:00
019dab39-2805-7492-aa3b-59dbeb1db2c9,esi dao,female,0.82,7,child,GH,Ghana,0.17,2026-04-20 14:09:02.981117+00:00
019dab39-27ff-76f0-b63a-b0a98b65ac40,tanaka ndlovu,male,0.85,54,adult,ZW,Zimbabwe,0.53,2026-04-20 14:09:02.975718+00:00
019dab39-27fb-73db-8d98-a60b7e301fcb,djeneba tchalla,female,0.67,5,child,NG,Nigeria,0.85,2026-04-20 14:09:02.971468+00:00
019dab39-27f7-7bbe-813a-e1d3678d579e,sharon johnson,female,0.88,84,senior,JP,Japan,0.4,2026-04-20 14:09:02.967398+00:00
019dab39-27f2-76ea-a5c0-590a7e5a2145,aimée nze,female,0.77,33,adult,CG,Republic of the Congo,0.61,2026-04-20 14:09:02.962860+00:00
019dab39-27ed-7eea-9d93-73a15f998af1,ayasha ahmed,female,0.87,56,adult,SC,Seychelles,0.24,2026-04-20 14:09:02.957882+00:00
019dab39-27e9-7d8f-a4bd-88e45afd98eb,thandiwe nkosi,female,0.74,46,adult,AO,Angola,0.54,2026-04-20 14:09:02.953667+00:00
019dab39-27e5-72ec-bae9-be14521c9119,peace dossou,female,0.77,89,senior,SN,Senegal,0.91,2026-04-20 14:09:02.949198+00:00
019dab39-27e0-7da9-bf73-e9f4a0966db1,fortuné nkoghe,male,0.97,49,adult,CM,Cameroon,0.46,2026-04-20 14:09:02.944726+00:00
019dab39-27db-7e4f-b0f2-0f159615ab6d,otieno abdi,male,0.78,35,adult,ET,Ethiopia,0.43,2026-04-20 14:09:02.939565+00:00
019dab39-27d6-7ba9-a0b9-71fe414d0bd5,claire obiang,female,0.95,58,adult,CM,Cameroon,0.44,2026-04-20 14:09:02.934635+00:00
019dab39-27d0-7f09-b81f-438305a7950c,ali mengistu,male,0.69,50,adult,MU,Mauritius,0.47,2026-04-20 14:09:02.929241+00:00
019dab39-27ca-7aad-8486-f4a47e3ad2e7,mary johnson,female,0.92,65,senior,BR,Brazil,0.68,2026-04-20 14:09:02.922505+00:00
019dab39-27c4-7dd4-8dc3-a640240e31ab,ghita mansouri,female,0.91,33,adult,MA,Morocco,0.32,2026-04-20 14:09:02.916764+00:00
019dab39-27bd-7be8-8f03-08615adc9eef,sipho ndlovu,male,0.93,88,senior,ZA,South Africa,0.31,2026-04-20 14:09:02.909621+00:00
019dab39-27b8-7dfa-b558-c6684d56629f,ali otieno,male,0.96,68,senior,KM,Comoros,0.69,2026-04-20 14:09:02.904171+00:00
019dab39-27b2-7223-948f-eb67d32c3c0f,miséricorde adoula,female,0.7,82,senior,CM,Cameroon,0.88,2026-04-20 14:09:02.898912+00:00
019dab39-27ad-7733-9bba-9d1e0d6b7eae,ashley williams,female,0.83,29,adult,BR,Brazil,0.15,2026-04-20 14:09:02.893220+00:00
019dab39-27a9-7070-b52a-1edbd1137691,rudo mnguni,male,0.94,12,child,ZA,South Africa,0.14,2026-04-20 14:09:02.889336+00:00
019dab39-27a4-7206-b131-7da09e835c1a,maryam awino,female,0.9,25,adult,KE,Kenya,0.31,2026-04-20 14:09:02.885062+00:00
019dab39-279f-786c-9dd3-db309bcbc7c9,ifeoma coulibaly,female,0.9,26,adult,SN,Senegal,0.7,2026-04-20 14:09:02.879807+00:00
019dab39-2799-7d0f-a9c7-e51da5839024,fatoumata traoré,female,0.71,18,teenager,LR,Liberia,0.7,2026-04-20 14:09:02.873942+00:00
019dab39-2794-7439-8be3-ca85f2aea308,yaw sidibé,male,0.76,53,adult,GH,Ghana,0.74,2026-04-20 14:09:02.869015+00:00
019dab39-278f-7061-a7dd-575bd5999e60,nana olawale,male,0.74,39,adult,GH,Ghana,0.94,2026-04-20 14:09:02.863357+00:00
019dab39-2788-775f-9a90-00ae8202624e,ibrahim abebe,male,0.94,9,child,MG,Madagascar,0.81,2026-04-20 14:09:02.856527+00:00
019dab39-2782-7527-97a0-db3cdfbf9362,rudo nkomo,female,0.66,59,adult,ST,São Tomé and Príncipe,0.44,2026-04-20 14:09:02.850607+00:00
019dab39-277b-75a0-bd31-e2dad01905a9,jennifer baker,female,0.79,39,adult,US,United States,0.84,2026-04-20 14:09:02.843438+00:00
019dab39-2775-7d47-b120-5c58fe20fe3b,favour touré,female,0.67,57,adult,TG,Togo,0.35,2026-04-20 14:09:02.837540+00:00
019dab39-276e-7b76-a836-77b85a2ea12b,favour sow,female,0.9,79,senior,BJ,Benin,0.19,2026-04-20 14:09:02.830690+00:00
019dab39-2767-7cc1-975e-e72802aee056,célestin gizenga,male,0.82,52,adult,CD,DR Congo,0.63,2026-04-20 14:09:02.823964+00:00
019dab39-2762-74bb-a1b7-2e29a6ea7bcb,mwangi tadesse,male,0.78,67,senior,RW,Rwanda,0.61,2026-04-20 14:09:02.818384+00:00
019dab39-275c-74a3-a100-74efcebc90b1,djeneba eze,female,0.84,42,adult,CI,Côte d'Ivoire,0.9,2026-04-20 14:09:02.812885+00:00
019dab39-2757-7a2a-81a8-70217fb7769b,maame kponton,female,0.76,13,teenager,BJ,Benin,0.62,2026-04-20 14:09:02.807196+00:00
019dab39-2750-740d-b5be-0fc278eb7e87,fatoumata agyei,female,0.94,55,adult,NE,Niger,0.3,2026-04-20 14:09:02.801099+00:00
019dab39-274b-7ec1-85be-0c45bccd5f7d,yasmine el fassi,female,0.78,72,senior,LY,Libya,0.82,2026-04-20 14:09:02.795580+00:00
019dab39-2745-781d-880f-e5468ea17105,astou kaboré,female,0.77,24,adult,BJ,Benin,0.37,2026-04-20 14:09:02.789291+00:00
019dab39-273f-71a3-b1b7-d71188e38b99,tigist desta,female,0.91,53,adult,ET,Ethiopia,0.95,2026-04-20 14:09:02.783807+00:00
019dab39-2739-7254-a929-9b97140f26fc,ibrahim desta,male,0.82,67,senior,UG,Uganda,0.66,2026-04-20 14:09:02.777876+00:00
019dab39-2733-7ee7-8403-68c1376cf7d0,ramatu warsame,female,0.87,8,child,RW,Rwanda,0.46,2026-04-20 14:09:02.771576+00:00
019dab39-272d-7020-b54e-ebc673412af4,abena igwe,female,0.68,71,senior,CI,Côte d'Ivoire,0.55,2026-04-20 14:09:02.765642+00:00
019dab39-2727-70a0-adef-7a3ef3e7ff16,dele dao,male,0.83,70,senior,NG,Nigeria,0.4,2026-04-20 14:09:02.759928+00:00
019dab39-2722-77c7-bc13-fdb4c647a0a0,tigist girma,female,0.98,78,senior,ET,Ethiopia,0.2,2026-04-20 14:09:02.754207+00:00
019dab39-271d-768b-9ee3-450b2df3a9a4,faith nwosu,female,0.77,48,adult,NG,Nigeria,0.44,2026-04-20 14:09:02.749807+00:00
019dab39-2719-7d60-af3c-8195e1e9fdec,daniel kaboré,male,0.76,36,adult,NG,Nigeria,0.1,2026-04-20 14:09:02.745496+00:00
019dab39-2714-72be-a77d-ea0e3962ca4a,rokhaya camara,female,0.91,34,adult,NE,Niger,0.29,2026-04-20 14:09:02.740300+00:00
019dab39-2710-7f36-9365-366be0d01d2c,djeneba adjei,female,0.94,17,teenager,CI,Côte d'Ivoire,0.61,2026-04-20 14:09:02.736220+00:00
019dab39-270a-742f-b4d4-ec1643918f36,thabo nkosi,male,0.69,41,adult,LS,Lesotho,0.95,2026-04-20 14:09:02.731114+00:00
019dab39-2705-72d6-a0a6-9c032a260580,astou zinsou,female,0.81,5,child,ML,Mali,0.37,2026-04-20 14:09:02.725818+00:00
019dab39-26ff-75a5-bcc0-ccdde6ae2fb6,zanele awino,female,0.83,33,adult,KM,Comoros,0.13,2026-04-20 14:09:02.719544+00:00
019dab39-26f9-701a-bd9c-be4f6b6c364e,aristide gizenga,male,0.9,59,adult,TD,Chad,0.24,2026-04-20 14:09:02.713379+00:00
019dab39-26f2-7efd-b44d-5017766ebe5e,femi babatunde,male,0.97,22,adult,BJ,Benin,0.32,2026-04-20 14:09:02.706905+00:00
019dab39-26ee-7d1f-aed4-65e5ba512a37,daniel segla,male,0.75,47,adult,NE,Niger,0.87,2026-04-20 14:09:02.702555+00:00
019dab39-26ea-74dd-8396-c9790fd0affd,michelle white,female,0.93,40,adult,US,United States,0.9,2026-04-20 14:09:02.698933+00:00
019dab39-26e6-7e60-9ff8-6e5eedc6200e,siham benhammou,female,0.83,18,teenager,EG,Egypt,0.3,2026-04-20 14:09:02.695069+00:00
019dab39-26e2-7773-81eb-249405a56fdf,richard scott,male,0.83,33,adult,DE,Germany,0.58,2026-04-20 14:09:02.690202+00:00
019dab39-26dd-7f2a-bc40-d09acfcc8f4c,araba sidibé,female,0.91,50,adult,SN,Senegal,0.16,2026-04-20 14:09:02.685608+00:00
019dab39-26d9-7ef1-9006-787c17f23495,thérèse nkoghe,female,0.67,11,child,CD,DR Congo,0.19,2026-04-20 14:09:02.681148+00:00
019dab39-26d3-7cb7-8b46-dfc256a79027,farai mnguni,male,0.88,28,adult,AO,Angola,0.38,2026-04-20 14:09:02.675289+00:00
019dab39-26ce-7ef6-bd3c-113f5606be26,takoda tadesse,male,0.87,35,adult,KE,Kenya,0.94,2026-04-20 14:09:02.670791+00:00
019dab39-26c9-7866-80af-46fd1a046fd6,mpho warsame,male,0.82,30,adult,MG,Madagascar,0.83,2026-04-20 14:09:02.665951+00:00
019dab39-26c3-7d7f-962b-6a1316d8722c,providence lumumba,female,0.65,8,child,CF,Central African Republic,0.12,2026-04-20 14:09:02.659794+00:00
019dab39-26bd-7eb0-b10d-1a63b1d9d30b,bintou boateng,female,0.81,51,adult,BJ,Benin,0.93,2026-04-20 14:09:02.653691+00:00
019dab39-26b7-7151-98cd-a4c2be8bd19d,themba nyoni,male,0.75,83,senior,ZW,Zimbabwe,0.17,2026-04-20 14:09:02.647995+00:00
019dab39-26b1-7679-8b4d-cf6b6979e318,karen thompson,female,0.79,48,adult,FR,France,0.13,2026-04-20 14:09:02.641925+00:00
019dab39-26ac-7585-acf7-b39ff7033111,tariro sibanda,female,0.82,50,adult,AO,Angola,0.74,2026-04-20 14:09:02.636387+00:00
019dab39-26a6-77b5-8b23-762c767d4f95,desta hassan,male,0.91,53,adult,KE,Kenya,0.33,2026-04-20 14:09:02.630667+00:00
019dab39-26a1-77f5-8d14-3f8dfe07db5a,nadia alaoui,female,0.79,55,adult,SD,Sudan,0.3,2026-04-20 14:09:02.625367+00:00
019dab39-269c-7879-a5e8-5650d180767e,younes khatib,male,0.68,16,teenager,SD,Sudan,0.76,2026-04-20 14:09:02.620902+00:00
019dab39-2697-759d-b39a-a3ec65eeedcf,ngozi zinsou,female,0.88,83,senior,NG,Nigeria,0.22,2026-04-20 14:09:02.615671+00:00
019dab39-2692-778a-8d3f-2b0f85d87872,nour tazi,female,0.9,82,senior,MA,Morocco,0.94,2026-04-20 14:09:02.610474+00:00
019dab39-268e-7c6e-8ccc-8b8df106c3f0,djeneba ouédraogo,female,0.84,28,adult,GH,Ghana,0.17,2026-04-20 14:09:02.606346+00:00
019dab39-268a-77fd-904f-aa2b238fa8fd,zodwa moyo,female,0.93,22,adult,AO,Angola,0.33,2026-04-20 14:09:02.602225+00:00
019dab39-2685-762d-99e3-e7ef71c63774,kagiso ali,male,0.71,87,senior,KM,Comoros,0.41,2026-04-20 14:09:02.597806+00:00
019dab39-267f-7ed5-b808-825e81b4ff1b,estelle tapsoba,female,0.72,26,adult,NG,Nigeria,0.45,2026-04-20 14:09:02.592269+00:00
019dab39-267b-7476-a5fd-76a8db6ab0d8,hana amrani,female,0.83,6,child,EG,Egypt,0.61,2026-04-20 14:09:02.588080+00:00
019dab39-2677-7d29-8f73-9c78af9f2b1e,girma elmi,male,0.95,10,child,ET,Ethiopia,0.93,2026-04-20 14:09:02.584055+00:00
019dab39-2674-749c-8746-c497abdad5b8,kwame zongo,male,0.94,15,teenager,NG,Nigeria,0.22,2026-04-20 14:09:02.580135+00:00
019dab39-266f-7763-ba15-56b306246df5,femi nikiéma,male,0.79,30,adult,NG,Nigeria,0.43,2026-04-20 14:09:02.575833+00:00
019dab39-266b-7920-8bb7-09e12b498a8f,tendai abdi,male,0.9,35,adult,TZ,Tanzania,0.32,2026-04-20 14:09:02.571284+00:00
019dab39-2667-70d9-a22e-5fdd0f0c0721,njoroge girma,male,0.77,8,child,TZ,Tanzania,0.34,2026-04-20 14:09:02.567196+00:00
019dab39-2662-78b8-b6fa-e32968fe2003,stephanie johnson,female,0.66,21,adult,AU,Australia,0.13,2026-04-20 14:09:02.562932+00:00
019dab39-265e-729c-9221-509ae967c527,hamza tazi,male,0.68,31,adult,EG,Egypt,0.55,2026-04-20 14:09:02.558691+00:00
019dab39-265a-7c06-b35a-a7a2c46756fb,dina benali,female,0.91,23,adult,EG,Egypt,0.28,2026-04-20 14:09:02.554385+00:00
019dab39-2655-74a3-9bb9-abe983bcbf35,nana konaté,male,0.66,40,adult,GH,Ghana,0.92,2026-04-20 14:09:02.549985+00:00
019dab39-2651-78a3-bd2b-ac7e423d4097,susan green,female,0.98,18,teenager,GB,United Kingdom,0.11,2026-04-20 14:09:02.545797+00:00
019dab39-264c-7d9b-9a12-ea1f7c4c7b00,bethlehem alemu,female,0.68,55,adult,TZ,Tanzania,0.41,2026-04-20 14:09:02.540446+00:00
019dab39-2647-7408-9b84-3a10a7c5f68b,zodwa sibanda,female,0.67,28,adult,ZM,Zambia,0.45,2026-04-20 14:09:02.535870+00:00
019dab39-2642-71f4-b8bc-db2b3e3d2c44,ibrahim haile,male,0.77,35,adult,KM,Comoros,0.95,2026-04-20 14:09:02.530719+00:00
019dab39-263a-70c8-ab30-1e7a2191ad4f,ibrahima nwosu,male,0.77,13,teenager,SN,Senegal,0.17,2026-04-20 14:09:02.522721+00:00
019dab39-2634-765e-a57e-255de28712ed,laura thompson,female,0.83,26,adult,IN,India,0.56,2026-04-20 14:09:02.516720+00:00
019dab39-262f-7495-b6a9-72f7f3564ab7,melissa jackson,female,0.69,20,adult,CN,China,0.71,2026-04-20 14:09:02.511330+00:00
019dab39-262a-7204-820d-a10b5a0a55a5,boubacar sidibé,male,0.72,22,adult,ML,Mali,0.51,2026-04-20 14:09:02.506844+00:00
019dab39-2626-7c35-8c8a-355492d4d84e,thandeka otieno,female,0.79,36,adult,KE,Kenya,0.86,2026-04-20 14:09:02.502840+00:00
019dab39-2622-7bc4-a01c-e2fd21400e13,tanaka dube,male,0.78,23,adult,ZA,South Africa,0.13,2026-04-20 14:09:02.499062+00:00
019dab39-261e-7303-842f-5e3245c2ea7a,khaled benhammou,male,0.74,63,senior,EG,Egypt,0.8,2026-04-20 14:09:02.494971+00:00
019dab39-261a-7cfe-83ca-d7636ff5ac6f,yaw kponton,male,0.73,90,senior,EH,Western Sahara,0.61,2026-04-20 14:09:02.490684+00:00
019dab39-2616-7585-a05f-c7415317ff27,chidi igwe,male,0.86,19,teenager,NG,Nigeria,0.95,2026-04-20 14:09:02.486845+00:00
019dab39-2612-78ec-a5c4-3de9a9ad253b,grâce tshisekedi,female,0.72,80,senior,CM,Cameroon,0.56,2026-04-20 14:09:02.482735+00:00
019dab39-260e-705b-9078-568cb2026152,tebogo ndebele,male,0.9,58,adult,AO,Angola,0.7,2026-04-20 14:09:02.478700+00:00
019dab39-2609-7d1d-abd7-13bc46234385,clarisse igwe,female,0.96,45,adult,BJ,Benin,0.61,2026-04-20 14:09:02.473109+00:00
019dab39-2604-7b9f-84fb-a39fd088d303,bekele tadesse,male,0.77,42,adult,KE,Kenya,0.92,2026-04-20 14:09:02.468585+00:00
019dab39-25fe-7c20-9ce8-bee1877c9340,farai dube,male,0.78,48,adult,ZA,South Africa,0.22,2026-04-20 14:09:02.462856+00:00
019dab39-25fa-7014-8a4f-54d2672df06e,miséricorde mukendi,female,0.93,50,adult,CD,DR Congo,0.37,2026-04-20 14:09:02.458449+00:00
019dab39-25f4-7e9d-a239-638ba947f6ae,simba cele,male,0.68,46,adult,ZW,Zimbabwe,0.68,2026-04-20 14:09:02.452851+00:00
019dab39-25f0-7a7a-b39c-a3bcf5093fa4,george wilson,male,0.98,56,adult,AU,Australia,0.63,2026-04-20 14:09:02.448537+00:00
019dab39-25ea-7dc4-bfc4-c778e08af4f0,susan thompson,female,0.97,6,child,CN,China,0.45,2026-04-20 14:09:02.443067+00:00
019dab39-25e4-7489-b109-8e8818e0d6d8,bekele otieno,male,0.7,17,teenager,UG,Uganda,0.12,2026-04-20 14:09:02.437092+00:00
019dab39-25df-78fb-b24f-98df3d6548fb,grâce mba,female,0.69,34,adult,CG,Republic of the Congo,0.48,2026-04-20 14:09:02.431128+00:00
019dab39-25d9-75a7-9ea1-487dc9b087c0,faith antwi,female,0.96,82,senior,ML,Mali,0.14,2026-04-20 14:09:02.425839+00:00
019dab39-25d4-771d-9430-b8379b9cc6a4,segun mensah,male,0.9,29,adult,GH,Ghana,0.18,2026-04-20 14:09:02.420616+00:00
019dab39-25d0-77a4-a83b-d23189974312,kojo kponton,male,0.98,72,senior,CI,Côte d'Ivoire,0.24,2026-04-20 14:09:02.416145+00:00
019dab39-25cb-701f-a8c5-be4b52dcfd4a,charles davis,male,0.7,37,adult,DE,Germany,0.48,2026-04-20 14:09:02.411470+00:00
019dab39-25c5-7e09-b3cf-72bd08ee0216,stephanie davis,female,0.83,49,adult,US,United States,0.87,2026-04-20 14:09:02.405620+00:00
019dab39-25c1-7946-aa50-186e7d853d9e,kariuki waweru,male,0.97,52,adult,MZ,Mozambique,0.6,2026-04-20 14:09:02.401233+00:00
019dab39-25bc-7ec4-ba5f-e35437c58e37,ama gbagbo,male,0.79,40,adult,NG,Nigeria,0.45,2026-04-20 14:09:02.396549+00:00
019dab39-25b6-7267-ac3e-7e34deb8e457,maryam ouma,female,0.84,65,senior,UG,Uganda,0.73,2026-04-20 14:09:02.390871+00:00
019dab39-25b1-78e1-a21f-75153f4cb604,carol carter,female,0.66,7,child,FR,France,0.85,2026-04-20 14:09:02.385693+00:00
019dab39-25ac-7618-abeb-4f6e3b795e92,kariuki nxumalo,male,0.89,32,adult,KE,Kenya,0.66,2026-04-20 14:09:02.380157+00:00
019dab39-25a5-772b-bca7-ee5a996fc441,nancy smith,female,0.86,18,teenager,US,United States,0.7,2026-04-20 14:09:02.373494+00:00
019dab39-259f-7056-8fd1-4b447649b7e2,lerato mthembu,male,0.7,54,adult,ZM,Zambia,0.83,2026-04-20 14:09:02.367573+00:00
019dab39-2598-78fa-8480-99d6c84a0bc0,robert allen,male,0.72,22,adult,AU,Australia,0.52,2026-04-20 14:09:02.360614+00:00
019dab39-2591-751d-991b-2c092e49855a,almaz masondo,female,0.71,56,adult,KE,Kenya,0.73,2026-04-20 14:09:02.353582+00:00
019dab39-258b-71df-9620-5f476e632afe,ikram alaoui,female,0.78,81,senior,SD,Sudan,0.81,2026-04-20 14:09:02.347475+00:00
019dab39-2585-7925-bf66-470ac5d23297,wanja adhiambo,female,0.75,63,senior,KE,Kenya,0.69,2026-04-20 14:09:02.342012+00:00
019dab39-2581-7e18-8261-ea2d1c52e2f9,hicham amrani,male,0.81,8,child,MA,Morocco,0.91,2026-04-20 14:09:02.338042+00:00
019dab39-257d-7771-aa1d-a5d4f734c009,tinashe mnguni,male,0.76,89,senior,ZA,South Africa,0.87,2026-04-20 14:09:02.333373+00:00
019dab39-2578-76c8-9837-702d9f355728,getachew nkosi,male,0.69,27,adult,ET,Ethiopia,0.71,2026-04-20 14:09:02.328762+00:00
019dab39-2574-77a3-be5d-fd9e6ae24052,michael carter,male,0.77,67,senior,FR,France,0.92,2026-04-20 14:09:02.324421+00:00
019dab39-2570-7f70-9547-02f18bfec060,jacob white,male,0.72,21,adult,IN,India,0.91,2026-04-20 14:09:02.320107+00:00
019dab39-256b-7a1b-ad61-c450fb44dafe,daniel nelson,male,0.8,42,adult,FR,France,0.93,2026-04-20 14:09:02.315876+00:00
019dab39-2565-70b2-9b06-5ce277adeafc,ibrahim girma,male,0.8,25,adult,TZ,Tanzania,0.52,2026-04-20 14:09:02.310150+00:00
019dab39-2561-7d29-b9c0-8dcb2c6ed6c9,jeanne mobutu,female,0.67,10,child,CM,Cameroon,0.31,2026-04-20 14:09:02.305277+00:00
019dab39-255d-7825-ae38-535d94bbb807,margaret smith,female,0.91,11,child,IN,India,0.17,2026-04-20 14:09:02.301261+00:00
019dab39-2558-7d2e-ad84-2f269d98fb7d,david carter,male,0.99,61,senior,GB,United Kingdom,0.41,2026-04-20 14:09:02.296845+00:00
019dab39-2553-7478-ae5b-e1a40865188c,takoda ahmed,male,0.71,80,senior,SS,South Sudan,0.54,2026-04-20 14:09:02.291743+00:00
019dab39-254f-7210-8eb7-94f6f06321bf,araba konaté,female,0.75,56,adult,BJ,Benin,0.11,2026-04-20 14:09:02.287478+00:00
019dab39-254a-7f16-add8-5a75b7c68653,jacob allen,male,0.79,6,child,AU,Australia,0.93,2026-04-20 14:09:02.282934+00:00
019dab39-2545-7185-9a4a-49336ef3bac9,généreuse eyeghe,female,0.99,56,adult,CD,DR Congo,0.44,2026-04-20 14:09:02.277795+00:00
019dab39-2540-7fe2-8271-84f3d50f2ba5,akinyi abdi,female,0.77,18,teenager,SC,Seychelles,0.87,2026-04-20 14:09:02.272361+00:00
019dab39-253b-74d6-9a40-9d640ea98e36,kathleen miller,female,0.74,35,adult,GB,United Kingdom,0.73,2026-04-20 14:09:02.268102+00:00
019dab39-2537-7438-b5ec-2421df99d0be,deborah adams,female,0.76,48,adult,FR,France,0.52,2026-04-20 14:09:02.263530+00:00
019dab39-2531-7e50-a628-8bf136563782,faith hounsou,female,0.69,48,adult,NG,Nigeria,0.56,2026-04-20 14:09:02.258111+00:00
019dab39-252c-7421-a774-3b9e9de92dd6,théophile tshisekedi,male,0.7,27,adult,CM,Cameroon,0.44,2026-04-20 14:09:02.252602+00:00
019dab39-2526-7ed9-8626-813c68b4332f,nyasha mnguni,female,0.87,74,senior,ZM,Zambia,0.66,2026-04-20 14:09:02.246879+00:00
019dab39-2521-71f4-8ab0-615d7e98a58d,louise obiang,female,0.8,28,adult,GA,Gabon,0.42,2026-04-20 14:09:02.241239+00:00
019dab39-251c-7b0a-9543-4cd1dfa9fa02,thabo getachew,male,0.97,55,adult,ER,Eritrea,0.71,2026-04-20 14:09:02.237062+00:00
019dab39-2517-7d2b-bca6-ae27e0ced0f3,fatima tazi,female,0.99,83,senior,EG,Egypt,0.16,2026-04-20 14:09:02.232112+00:00
019dab39-2511-7285-8514-50ffdd86589f,alexis keïta,male,0.92,39,adult,SN,Senegal,0.88,2026-04-20 14:09:02.226137+00:00
019dab39-250d-73ef-acc8-55387fb678ac,laura jackson,female,0.82,47,adult,BR,Brazil,0.39,2026-04-20 14:09:02.221246+00:00
019dab39-2508-7438-aa6d-73c0c86afa06,laila benali,female,0.81,30,adult,TN,Tunisia,0.22,2026-04-20 14:09:02.216976+00:00
019dab39-2504-7055-a43b-3d350bee74b9,yasmine saidi,female,0.75,8,child,EG,Egypt,0.29,2026-04-20 14:09:02.212407+00:00
019dab39-2500-75ab-a26e-a145208effdc,richard zinsou,male,0.8,53,adult,NG,Nigeria,0.52,2026-04-20 14:09:02.208160+00:00
019dab39-24fb-7aca-93b3-cf29475b7171,themba cele,male,0.89,36,adult,KE,Kenya,0.25,2026-04-20 14:09:02.204081+00:00
019dab39-24f7-7b38-be90-1bb62398faab,nabil tazi,male,0.65,32,adult,LY,Libya,0.79,2026-04-20 14:09:02.200093+00:00
019dab39-24f3-7184-af99-104f687f6dd7,patient tshisekedi,male,0.98,32,adult,GQ,Equatorial Guinea,0.2,2026-04-20 14:09:02.195899+00:00
019dab39-24ee-7115-943e-04dd49a631bb,jama desta,male,0.93,14,teenager,MZ,Mozambique,0.5,2026-04-20 14:09:02.190923+00:00
019dab39-24ea-7620-9ce4-c7228888e71c,thabo adhiambo,male,0.96,89,senior,ET,Ethiopia,0.2,2026-04-20 14:09:02.186851+00:00
019dab39-24e4-7c92-a6f6-186707116caf,bintou compaoré,female,0.77,38,adult,NG,Nigeria,0.36,2026-04-20 14:09:02.181001+00:00
019dab39-24dd-718c-b21c-6f3f45887e6f,david adams,male,0.86,49,adult,IN,India,0.22,2026-04-20 14:09:02.173594+00:00
019dab39-24d7-76df-851f-f41b4044a7ff,akua okonkwo,female,0.87,79,senior,MR,Mauritania,0.34,2026-04-20 14:09:02.167870+00:00
019dab39-24d3-7631-9c46-636ac12532a0,hana benhammou,female,0.94,40,adult,TN,Tunisia,0.36,2026-04-20 14:09:02.163182+00:00
019dab39-24cd-79b7-aa94-8bab508bf75d,maryam nxumalo,female,0.99,65,senior,KE,Kenya,0.4,2026-04-20 14:09:02.157788+00:00
019dab39-24c8-7947-b976-64dc756fe49e,kola agyei,male,0.83,6,child,MR,Mauritania,0.79,2026-04-20 14:09:02.152403+00:00
019dab39-24c3-7599-907a-13b8d14dc44e,aster mwangi,female,0.75,29,adult,TZ,Tanzania,0.52,2026-04-20 14:09:02.147181+00:00
019dab39-24bc-7ace-9927-e501925ee4bb,kamau shabalala,male,0.82,58,adult,KE,Kenya,0.72,2026-04-20 14:09:02.140802+00:00
019dab39-24b6-71ef-885e-7b6dab95050e,tendai dlamini,male,0.9,13,teenager,MG,Madagascar,0.69,2026-04-20 14:09:02.135204+00:00
019dab39-24ae-71be-bab7-01cb401bb6fd,favour bah,female,0.88,51,adult,BJ,Benin,0.67,2026-04-20 14:09:02.126298+00:00
019dab39-24a8-75fe-a582-f936f535d123,florentine coulibaly,female,0.92,6,child,NE,Niger,0.76,2026-04-20 14:09:02.120289+00:00
019dab39-24a2-7ad2-996b-420cea2f2d5e,jacob scott,male,0.68,81,senior,JP,Japan,0.43,2026-04-20 14:09:02.115045+00:00
019dab39-249d-74c2-b082-bdf807ff08bf,margaret carter,female,0.94,79,senior,IN,India,0.33,2026-04-20 14:09:02.109448+00:00
019dab39-2497-720a-9914-96d76c1f615b,coumba hounsou,female,0.81,5,child,BJ,Benin,0.84,2026-04-20 14:09:02.103699+00:00
019dab39-248f-7235-a45c-b0eb95021434,sizwe nkosi,male,0.85,15,teenager,ZA,South Africa,0.93,2026-04-20 14:09:02.096338+00:00
019dab39-2487-78c0-a18b-09575afafc9d,zulai abdi,female,0.89,61,senior,MG,Madagascar,0.86,2026-04-20 14:09:02.088374+00:00
019dab39-2481-78d0-b3cd-5c7e16b36d8a,dorothy phillips,female,0.75,79,senior,IN,India,0.5,2026-04-20 14:09:02.081538+00:00
019dab39-247b-7f77-b7a4-7cbbc973ede0,rania kettani,female,0.91,49,adult,TN,Tunisia,0.67,2026-04-20 14:09:02.075362+00:00
019dab39-2475-7864-a6f3-45c62c52c3c7,karim tahir,male,0.87,77,senior,MA,Morocco,0.55,2026-04-20 14:09:02.069633+00:00
019dab39-2471-7d7a-a02a-6c0db01f783b,ahmed mohamed,male,0.78,24,adult,KE,Kenya,0.62,2026-04-20 14:09:02.065540+00:00
019dab39-246c-77bb-90d1-1af1950ae954,hassan hajji,male,0.91,55,adult,MA,Morocco,0.72,2026-04-20 14:09:02.060472+00:00
019dab39-2466-738a-8813-2c0a62598037,joy osei,female,0.9,36,adult,CI,Côte d'Ivoire,0.33,2026-04-20 14:09:02.055065+00:00
019dab39-2462-7e4f-b539-a3df4d7be8de,mohamed el fassi,male,0.86,9,child,SD,Sudan,0.43,2026-04-20 14:09:02.050728+00:00
019dab39-245c-75e6-b13b-6d3c108dd1f9,akinyi desta,female,0.69,24,adult,KE,Kenya,0.16,2026-04-20 14:09:02.044789+00:00
019dab39-2456-7b94-98a7-446772006a52,aminata olawale,female,0.89,61,senior,NG,Nigeria,0.93,2026-04-20 14:09:02.038475+00:00
019dab39-2450-7cdd-b34c-04ab131cd04a,tesfaye hassan,male,0.9,13,teenager,SO,Somalia,0.2,2026-04-20 14:09:02.032751+00:00
019dab39-244b-76ea-9086-8d4905b0a8f7,rim lamrani,female,0.67,11,child,LY,Libya,0.46,2026-04-20 14:09:02.027589+00:00
019dab39-2445-7a1a-906d-77269ee4347a,claire bongo,female,0.87,26,adult,CM,Cameroon,0.61,2026-04-20 14:09:02.021850+00:00
019dab39-2442-75a0-b74f-2f20fd3b3043,florentine agyei,female,0.77,60,senior,BJ,Benin,0.85,2026-04-20 14:09:02.018123+00:00
019dab39-243d-71c8-b124-db4709aefedd,kagiso mthembu,male,0.85,58,adult,UG,Uganda,0.88,2026-04-20 14:09:02.013594+00:00
019dab39-2438-7567-948d-d6f03b5f07df,honorine zongo,female,0.79,49,adult,ML,Mali,0.31,2026-04-20 14:09:02.008378+00:00
019dab39-2434-79b6-aa19-16ef105ea75b,yusuf nxumalo,male,0.96,36,adult,UG,Uganda,0.29,2026-04-20 14:09:02.004130+00:00
019dab39-2430-7539-ae21-dee0cce2c090,djeneba nwosu,female,0.78,87,senior,SN,Senegal,0.61,2026-04-20 14:09:02.000191+00:00
019dab39-242b-7e45-83f3-1ef182d547fb,nandi khumalo,female,0.66,10,child,ET,Ethiopia,0.38,2026-04-20 14:09:01.995598+00:00
019dab39-2425-7bf1-b00e-d6734fe50ec6,nancy jackson,female,0.84,39,adult,BR,Brazil,0.26,2026-04-20 14:09:01.989261+00:00
019dab39-2421-7413-bea5-17b564ad7ba2,andré adoula,male,0.7,37,adult,CM,Cameroon,0.88,2026-04-20 14:09:01.985227+00:00
019dab39-241c-7b22-a18b-a6b7e8eca34b,miséricorde nkoghe,female,0.81,6,child,GQ,Equatorial Guinea,0.81,2026-04-20 14:09:01.980556+00:00
019dab39-2417-78df-8a86-a44202624e8e,femi zongo,male,0.9,54,adult,BJ,Benin,0.46,2026-04-20 14:09:01.975779+00:00
019dab39-2413-713c-b3ee-58e3de01a750,mulu tadesse,female,0.87,88,senior,MG,Madagascar,0.44,2026-04-20 14:09:01.971331+00:00
019dab39-240e-728e-bbbd-4448ee89a6c7,assata tchalla,female,0.71,9,child,ML,Mali,0.23,2026-04-20 14:09:01.966434+00:00
019dab39-2408-71e6-90da-8b5dc81e044b,ahmed filali,male,0.7,28,adult,TN,Tunisia,0.92,2026-04-20 14:09:01.960205+00:00
019dab39-2403-75d7-a109-48b0fb3bca4d,maryam tadesse,female,0.68,33,adult,SC,Seychelles,0.15,2026-04-20 14:09:01.955878+00:00
019dab39-23ff-71dc-8687-07e78b27db0d,ghita el fassi,female,0.85,47,adult,EG,Egypt,0.68,2026-04-20 14:09:01.951728+00:00
019dab39-23fb-79ca-9e87-b838e76b5920,themba nxumalo,male,0.81,56,adult,NA,Namibia,0.89,2026-04-20 14:09:01.947522+00:00
019dab39-23f5-7ea4-85ae-37b08931f6ad,mutua otieno,male,0.88,23,adult,TZ,Tanzania,0.65,2026-04-20 14:09:01.942151+00:00
019dab39-23f0-77b9-bee6-76c9aa8378e9,adhiambo shabalala,female,0.76,21,adult,UG,Uganda,0.18,2026-04-20 14:09:01.937080+00:00
019dab39-23eb-7a07-8d90-0b3e4fc06a98,paul allen,male,0.73,42,adult,IN,India,0.13,2026-04-20 14:09:01.932029+00:00
019dab39-23e5-7c40-96c3-c695465fedc4,adaeze adeyemi,female,0.95,39,adult,TG,Togo,0.37,2026-04-20 14:09:01.925582+00:00
019dab39-23e1-7d99-9eea-8cd7b84e0701,barbara torres,female,0.8,72,senior,FR,France,0.47,2026-04-20 14:09:01.921145+00:00
019dab39-23dc-7397-ac93-fe539f759c7c,bongani khumalo,male,0.91,14,teenager,AO,Angola,0.11,2026-04-20 14:09:01.916311+00:00
019dab39-23d7-7b11-8c9f-a896dcb85eaa,oumar compaoré,male,0.69,28,adult,CI,Côte d'Ivoire,0.92,2026-04-20 14:09:01.911348+00:00
019dab39-23d2-7fc3-8ca4-a18a1a041ee9,shamiso cele,female,0.86,42,adult,ZA,South Africa,0.59,2026-04-20 14:09:01.906143+00:00
019dab39-23cd-7273-99ae-f591a08f87a9,kariuki elmi,male,0.72,59,adult,RW,Rwanda,0.61,2026-04-20 14:09:01.902001+00:00
019dab39-23c9-7d01-be3b-2ed82bf7d4e0,rudo mpofu,female,0.79,54,adult,NA,Namibia,0.83,2026-04-20 14:09:01.897393+00:00
019dab39-23c2-7dfa-a49d-d810b6710845,halima nxumalo,female,0.89,28,adult,RW,Rwanda,0.4,2026-04-20 14:09:01.890308+00:00
019dab39-23be-73f1-9c63-6bddd2b459f3,rakiya kamau,female,0.97,5,child,MU,Mauritius,0.81,2026-04-20 14:09:01.886348+00:00
019dab39-23b9-7070-b180-e9bb92e12f86,tesfaye ouma,male,0.94,26,adult,KE,Kenya,0.64,2026-04-20 14:09:01.882074+00:00
019dab39-23b5-7b79-b61d-56a9172788e5,amara kamau,male,0.67,35,adult,UG,Uganda,0.76,2026-04-20 14:09:01.877340+00:00
019dab39-23b0-7b91-acc8-ab94735e5e6c,joshua roberts,male,0.99,31,adult,GB,United Kingdom,0.54,2026-04-20 14:09:01.872316+00:00
019dab39-23ab-748e-a1bb-44eddeaf650c,adwoa okafor,female,0.7,29,adult,ML,Mali,0.11,2026-04-20 14:09:01.867862+00:00
019dab39-23a7-7017-89cc-43379ed1167b,sadiya tesfaye,female,0.74,22,adult,KE,Kenya,0.28,2026-04-20 14:09:01.863163+00:00
019dab39-23a2-7d34-a7d8-0120dc46ab60,waweru girma,male,0.73,38,adult,DJ,Djibouti,0.93,2026-04-20 14:09:01.858284+00:00
019dab39-239d-75b5-8ccc-db6c448ded11,fiifi okafor,male,0.85,28,adult,NG,Nigeria,0.31,2026-04-20 14:09:01.853468+00:00
019dab39-2396-7b03-87fb-b923e515a5aa,marguerite eyeghe,female,0.93,70,senior,CM,Cameroon,0.64,2026-04-20 14:09:01.846736+00:00
019dab39-238f-74bf-b080-3563177ea787,adhiambo elmi,female,0.88,31,adult,MZ,Mozambique,0.22,2026-04-20 14:09:01.840024+00:00
019dab39-2389-7af4-9975-27552e38afba,tariq amrani,male,0.71,16,teenager,MA,Morocco,0.71,2026-04-20 14:09:01.833474+00:00
019dab39-2381-7681-8e03-91da61181ffe,hiwot hassan,female,0.9,20,adult,MZ,Mozambique,0.41,2026-04-20 14:09:01.826167+00:00
019dab39-237b-7c01-a511-f0ebe9c95ff7,ahmed berrada,male,0.9,24,adult,DZ,Algeria,0.77,2026-04-20 14:09:01.819572+00:00
019dab39-2374-7660-ae1b-60e80757be2f,awino mengistu,female,0.71,30,adult,RW,Rwanda,0.76,2026-04-20 14:09:01.812716+00:00
019dab39-236c-72b9-92f7-9f0afc55af6a,farai mhlanga,male,0.74,46,adult,LS,Lesotho,0.23,2026-04-20 14:09:01.804258+00:00
019dab39-2364-7cb1-bac4-b9591e2087dd,fiifi adeyemi,male,0.91,32,adult,NG,Nigeria,0.25,2026-04-20 14:09:01.796734+00:00
019dab39-235e-7b08-9ef3-b976c85bec79,ramatu dlamini,female,0.66,68,senior,MG,Madagascar,0.95,2026-04-20 14:09:01.790348+00:00
019dab39-2359-7f5a-8f5d-d0c64a15e385,shamiso mpofu,female,0.73,25,adult,ZW,Zimbabwe,0.71,2026-04-20 14:09:01.785275+00:00
019dab39-2355-7067-9027-72054c004e21,louis nze,male,0.77,17,teenager,CD,DR Congo,0.54,2026-04-20 14:09:01.781117+00:00
019dab39-2350-77f4-b93b-d0f909eaed5f,ayasha otieno,female,0.7,28,adult,RW,Rwanda,0.31,2026-04-20 14:09:01.777072+00:00
019dab39-234c-754e-b8d1-93cd5f68e632,mehdi mansouri,male,0.77,49,adult,SD,Sudan,0.27,2026-04-20 14:09:01.772249+00:00
019dab39-2348-7995-a8f9-0ecd876e3126,mumbi abdi,female,0.69,38,adult,RW,Rwanda,0.34,2026-04-20 14:09:01.768231+00:00
019dab39-2344-7458-a9ae-4feb7f9d1c07,sadiya mengistu,female,0.74,6,child,ET,Ethiopia,0.11,2026-04-20 14:09:01.764299+00:00
019dab39-233f-7f1f-8e5a-6e00930458c4,girma waweru,male,0.98,59,adult,TZ,Tanzania,0.78,2026-04-20 14:09:01.760081+00:00
019dab39-233b-7867-98b2-dc00011f9749,innocent mobutu,male,0.89,37,adult,CD,DR Congo,0.27,2026-04-20 14:09:01.755798+00:00
019dab39-2337-756a-be92-8780a109dbcc,michael davis,male,0.75,39,adult,DE,Germany,0.49,2026-04-20 14:09:01.751811+00:00
019dab39-2333-7192-a439-a56a3f05832b,ebo keïta,male,0.98,50,adult,NG,Nigeria,0.36,2026-04-20 14:09:01.747440+00:00
019dab39-232d-7f85-afea-d508e9ebc308,richard roberts,male,0.96,64,senior,GB,United Kingdom,0.55,2026-04-20 14:09:01.741909+00:00
019dab39-2329-79f2-9807-cddc923c6d89,njoroge waweru,male,0.66,34,adult,UG,Uganda,0.6,2026-04-20 14:09:01.737623+00:00
019dab39-2324-713e-86c6-0d73c3b7f822,bayo chukwu,male,0.76,88,senior,ML,Mali,0.71,2026-04-20 14:09:01.732858+00:00
019dab39-231f-7dfb-aada-b39b24fdf058,kevin taylor,male,0.66,41,adult,FR,France,0.63,2026-04-20 14:09:01.727804+00:00
019dab39-2319-722a-9016-bec5de47bc4c,sharon carter,female,0.77,75,senior,GB,United Kingdom,0.13,2026-04-20 14:09:01.721762+00:00
019dab39-2315-7654-9b66-b7b9ef260753,amenan antwi,female,0.77,40,adult,GH,Ghana,0.65,2026-04-20 14:09:01.717394+00:00
019dab39-230f-7057-b249-e4fede870c59,efua touré,female,0.78,13,teenager,GH,Ghana,0.84,2026-04-20 14:09:01.712129+00:00
019dab39-230a-7686-92b2-abc9e1f8357d,michelle johnson,female,0.95,59,adult,GB,United Kingdom,0.17,2026-04-20 14:09:01.706423+00:00
019dab39-2306-7384-899c-d1266805cc8f,tariro nkosi,female,0.91,35,adult,BW,Botswana,0.92,2026-04-20 14:09:01.702325+00:00
019dab39-2302-713a-a0bc-47b9808570b9,bintou coulibaly,female,0.92,83,senior,NG,Nigeria,0.22,2026-04-20 14:09:01.698395+00:00
019dab39-22fc-797e-947f-7aa426329edd,rodrigue hounsou,male,0.71,60,senior,GH,Ghana,0.1,2026-04-20 14:09:01.693252+00:00
019dab39-22f7-7a04-a85a-4a2040854559,ramatu ali,female,0.94,50,adult,KE,Kenya,0.6,2026-04-20 14:09:01.687765+00:00
019dab39-22f3-76f1-9717-19e4c4a72d73,marcel bomboko,male,0.98,61,senior,CD,DR Congo,0.26,2026-04-20 14:09:01.683834+00:00
019dab39-22ef-72df-812b-d0db521a8508,fiifi tchalla,male,0.97,27,adult,NG,Nigeria,0.81,2026-04-20 14:09:01.679938+00:00
019dab39-22eb-7519-a34d-eaa483b6f475,afia okafor,female,0.67,66,senior,CV,Cape Verde,0.5,2026-04-20 14:09:01.675187+00:00
019dab39-22e7-75d4-a3c5-e0534b987232,ouma waweru,male,0.94,57,adult,UG,Uganda,0.84,2026-04-20 14:09:01.671184+00:00
019dab39-22e3-75fc-bc47-a9639e850ed7,mumbi abebe,female,0.66,15,teenager,KE,Kenya,0.63,2026-04-20 14:09:01.667109+00:00
019dab39-22de-721b-8004-f7b274f31021,tariro nkomo,female,0.77,86,senior,AO,Angola,0.94,2026-04-20 14:09:01.662906+00:00
019dab39-22d9-7c6a-a867-44035868812a,malak bennani,female,0.69,19,teenager,MA,Morocco,0.33,2026-04-20 14:09:01.657617+00:00
019dab39-22d5-7dff-bf61-15d394a52206,james hill,male,0.96,7,child,DE,Germany,0.63,2026-04-20 14:09:01.653179+00:00
019dab39-22d0-7387-abc4-a7eb5c62d730,marguerite ping,female,0.78,44,adult,CM,Cameroon,0.41,2026-04-20 14:09:01.648557+00:00
019dab39-22cb-766e-9753-f121291aa25e,njeri ali,female,0.86,30,adult,SC,Seychelles,0.2,2026-04-20 14:09:01.643812+00:00
019dab39-22c6-7fe8-9741-f2135a197cb2,nabil rachidi,male,0.68,25,adult,SD,Sudan,0.5,2026-04-20 14:09:01.638410+00:00
019dab39-22be-78d0-9758-9ad058ffaefc,nyasha nkomo,female,0.95,50,adult,ZW,Zimbabwe,0.67,2026-04-20 14:09:01.630538+00:00
019dab39-22b9-7103-ab52-83f05d48f564,dorothy davis,female,0.83,13,teenager,CA,Canada,0.61,2026-04-20 14:09:01.625442+00:00
019dab39-22b4-7a78-95a4-bb2c26964437,clarisse sow,female,0.75,22,adult,GH,Ghana,0.11,2026-04-20 14:09:01.620972+00:00
019dab39-22b0-7075-806f-10e4e19b68ed,ifeoma ouédraogo,female,0.91,78,senior,MR,Mauritania,0.56,2026-04-20 14:09:01.616444+00:00
019dab39-22aa-7b34-aa35-7594184c25cd,franck ouédraogo,male,0.8,21,adult,MR,Mauritania,0.72,2026-04-20 14:09:01.610609+00:00
019dab39-22a5-77f2-8770-c262882b4c99,ahmed achieng,male,0.99,56,adult,DJ,Djibouti,0.48,2026-04-20 14:09:01.605757+00:00
019dab39-22a1-70fd-b13b-6a4e433a95b4,william anderson,male,0.97,70,senior,BR,Brazil,0.63,2026-04-20 14:09:01.601692+00:00
019dab39-229d-7baa-8351-0feb6d3330e9,patricia adams,female,0.79,40,adult,IN,India,0.29,2026-04-20 14:09:01.597292+00:00
019dab39-2298-772a-8cfd-2f0259138d84,femi tchalla,male,0.89,23,adult,GH,Ghana,0.21,2026-04-20 14:09:01.592364+00:00
019dab39-2294-79a5-91a0-880fecd6f868,ebo igwe,male,0.92,47,adult,SL,Sierra Leone,0.41,2026-04-20 14:09:01.588396+00:00
019dab39-2290-7d28-90ec-090e8a288556,farah abebe,male,0.7,47,adult,TZ,Tanzania,0.81,2026-04-20 14:09:01.584117+00:00
019dab39-228b-7d55-9d18-dfaa21946dba,walid khalil,male,0.73,75,senior,EG,Egypt,0.65,2026-04-20 14:09:01.579604+00:00
019dab39-2285-790b-a798-9f627fcb8d23,anne kalonji,female,0.72,48,adult,CG,Republic of the Congo,0.66,2026-04-20 14:09:01.574089+00:00
019dab39-2281-789e-b462-9f1db3022dba,nandi awino,female,0.84,42,adult,BI,Burundi,0.78,2026-04-20 14:09:01.569618+00:00
019dab39-227c-7e32-b8f7-d79cde39819d,patricia thomas,female,0.72,23,adult,IN,India,0.48,2026-04-20 14:09:01.564535+00:00
019dab39-2276-7155-a37e-1b3e388953eb,dorothy allen,female,0.93,53,adult,GB,United Kingdom,0.61,2026-04-20 14:09:01.559191+00:00
019dab39-2271-7f36-ac88-03f2c7784b33,rudo ndlovu,male,0.65,36,adult,NA,Namibia,0.33,2026-04-20 14:09:01.553626+00:00
019dab39-226d-72b2-a7e3-d7a69178f897,thomas jones,male,0.98,40,adult,GB,United Kingdom,0.32,2026-04-20 14:09:01.549304+00:00
019dab39-2268-76e9-83bd-2b43781d6d84,shamiso nxumalo,female,0.87,55,adult,NA,Namibia,0.65,2026-04-20 14:09:01.544333+00:00
019dab39-2262-7e65-93fa-a6d1b984c820,bayo adjei,male,0.81,9,child,GM,Gambia,0.22,2026-04-20 14:09:01.538167+00:00
019dab39-225c-7d2a-b631-47cc4c84f012,ifeoma afolabi,female,0.97,52,adult,NG,Nigeria,0.94,2026-04-20 14:09:01.532252+00:00
019dab39-2255-7aaa-b2c7-3d954eadee69,ade okafor,male,0.69,44,adult,NG,Nigeria,0.76,2026-04-20 14:09:01.525772+00:00
019dab39-224f-7830-899e-dd2f3462a480,kariuki ali,male,0.65,7,child,KE,Kenya,0.28,2026-04-20 14:09:01.519223+00:00
019dab39-2249-7fef-95ca-5816f2cb9e2e,fanta kponton,female,0.97,7,child,CI,Côte d'Ivoire,0.48,2026-04-20 14:09:01.513237+00:00
019dab39-2243-7225-a876-ba7ceb94ab8f,hajar kettani,female,0.71,55,adult,SD,Sudan,0.32,2026-04-20 14:09:01.507276+00:00
019dab39-223e-74d3-bcf3-9315cb1b146f,patient nze,male,0.98,11,child,CD,DR Congo,0.83,2026-04-20 14:09:01.502154+00:00
019dab39-2238-7999-ad20-e0f40eb75a13,nandi ndebele,female,0.81,17,teenager,ZA,South Africa,0.67,2026-04-20 14:09:01.497036+00:00
019dab39-2231-78fe-b5d6-235f95ff61c7,rania el fassi,female,0.85,41,adult,EG,Egypt,0.58,2026-04-20 14:09:01.489867+00:00
019dab39-222c-7e25-8baa-04322dcd8da9,lerato masondo,male,0.9,29,adult,ST,São Tomé and Príncipe,0.69,2026-04-20 14:09:01.484288+00:00
019dab39-2226-722f-9d9b-899b830fbfb2,lesego masondo,male,0.73,39,adult,BW,Botswana,0.25,2026-04-20 14:09:01.478563+00:00
019dab39-2220-70ac-b5cc-8ff399a8b934,ryan evans,male,0.77,47,adult,FR,France,0.76,2026-04-20 14:09:01.472409+00:00
019dab39-2219-7f5e-926a-64cb797b66ba,hafsat njoroge,female,0.94,70,senior,KE,Kenya,0.63,2026-04-20 14:09:01.465886+00:00
019dab39-2211-7e4e-9d20-4eb9030005ac,rumbidzai masondo,female,0.98,25,adult,AO,Angola,0.64,2026-04-20 14:09:01.457721+00:00
019dab39-220d-78b1-9cc9-a1d3a720d16c,kwame darko,male,0.65,85,senior,BJ,Benin,0.94,2026-04-20 14:09:01.453151+00:00
019dab39-2208-7091-91ec-e39b5672ecef,mekdes njoroge,female,0.76,86,senior,TZ,Tanzania,0.49,2026-04-20 14:09:01.448582+00:00
019dab39-2202-760d-9a8c-0b97d080e275,lerato mnguni,male,0.74,18,teenager,ET,Ethiopia,0.23,2026-04-20 14:09:01.442775+00:00
019dab39-21fe-73bf-b167-eb783ade628d,wanjiru girma,female,0.95,58,adult,KE,Kenya,0.35,2026-04-20 14:09:01.438793+00:00
019dab39-21f9-7e69-a7ee-005b354a38ba,afia darko,female,0.96,64,senior,ML,Mali,0.32,2026-04-20 14:09:01.434040+00:00
019dab39-21f4-7129-ab07-28a6981cc25f,sandra thompson,female,0.94,35,adult,GB,United Kingdom,0.26,2026-04-20 14:09:01.429114+00:00
019dab39-21f0-7985-835d-6bf4abcdc951,rakiya khumalo,female,0.84,26,adult,ET,Ethiopia,0.18,2026-04-20 14:09:01.424264+00:00
019dab39-21eb-7df3-9317-1fa21d9139d3,honorine touré,female,0.66,49,adult,GH,Ghana,0.33,2026-04-20 14:09:01.419817+00:00
019dab39-21e5-7173-a0ca-d23e59deba0c,charles williams,male,0.97,21,adult,IN,India,0.32,2026-04-20 14:09:01.413519+00:00
019dab39-21df-7245-be57-02b10d392021,yaa segla,female,0.73,90,senior,GN,Guinea,0.43,2026-04-20 14:09:01.407876+00:00
019dab39-21db-70af-a6c1-f02d848c1373,youssef bouazza,male,0.78,50,adult,EG,Egypt,0.49,2026-04-20 14:09:01.403684+00:00
019dab39-21d6-7751-84c4-4a3d021de9e4,adjoua adomou,female,0.78,29,adult,BJ,Benin,0.11,2026-04-20 14:09:01.398959+00:00
019dab39-21d1-7e32-a7af-a3ff15b6c660,dele sidibé,male,0.72,87,senior,GM,Gambia,0.56,2026-04-20 14:09:01.393355+00:00
019dab39-21cc-7dea-9cc5-c10a5ed02251,théophile kalonji,male,0.85,82,senior,CD,DR Congo,0.59,2026-04-20 14:09:01.388474+00:00
019dab39-21c7-72b2-a1d4-062faa81be13,joy olawale,female,0.79,44,adult,CV,Cape Verde,0.85,2026-04-20 14:09:01.384066+00:00
019dab39-21c3-7ec1-b976-bffa4d690e4b,segun camara,male,0.76,5,child,GH,Ghana,0.94,2026-04-20 14:09:01.379421+00:00
019dab39-21bd-760e-a052-a9eb4b465c50,nabil khalil,male,0.96,35,adult,SD,Sudan,0.92,2026-04-20 14:09:01.373944+00:00
019dab39-21b7-7f0d-ad85-ccf46c2dff8f,adwoa babatunde,female,0.67,31,adult,LR,Liberia,0.56,2026-04-20 14:09:01.367842+00:00
019dab39-21b2-70cc-bc3d-cf360bba4830,kamau desta,male,0.65,10,child,UG,Uganda,0.37,2026-04-20 14:09:01.362325+00:00
019dab39-21ac-73ce-a136-bbb7d0806548,fiifi chukwu,male,0.83,23,adult,CI,Côte d'Ivoire,0.24,2026-04-20 14:09:01.356757+00:00
019dab39-21a7-71da-a68f-07fbe2ed3cd9,ashley thompson,female,0.89,5,child,CN,China,0.33,2026-04-20 14:09:01.351784+00:00
019dab39-21a3-731a-97c5-e1dfbc256497,farah ndlovu,male,0.98,46,adult,KE,Kenya,0.92,2026-04-20 14:09:01.347249+00:00
019dab39-219d-73be-a53e-4af8c2872818,rachid kettani,male,0.71,40,adult,EG,Egypt,0.8,2026-04-20 14:09:01.341738+00:00
019dab39-2199-7981-8deb-2714afe546c0,zanele desta,female,0.99,15,teenager,SC,Seychelles,0.57,2026-04-20 14:09:01.337361+00:00
019dab39-2194-7d50-a799-72b2a29c8f4a,aster ouma,female,0.74,68,senior,RW,Rwanda,0.36,2026-04-20 14:09:01.332379+00:00
019dab39-218e-77c6-8091-45ad1f0ce2dd,généreuse ping,female,0.79,40,adult,CM,Cameroon,0.2,2026-04-20 14:09:01.326395+00:00
019dab39-2189-754d-8e37-ebccd4b6078c,kunle diallo,male,0.9,36,adult,BJ,Benin,0.23,2026-04-20 14:09:01.321340+00:00
019dab39-2184-7218-8cd5-466306b16cdc,segun afolabi,male,0.78,59,adult,GH,Ghana,0.91,2026-04-20 14:09:01.316986+00:00
019dab39-217f-7103-8fa2-0ac76d4977f5,nandi ouma,female,0.71,36,adult,MG,Madagascar,0.67,2026-04-20 14:09:01.311822+00:00
019dab39-2179-7728-9d32-700b18d3e8c7,samir tahir,male,0.71,8,child,EG,Egypt,0.64,2026-04-20 14:09:01.306030+00:00
019dab39-2174-7f2a-a46e-93ab3ed0ffc2,peter barro,male,0.86,44,adult,GH,Ghana,0.86,2026-04-20 14:09:01.300290+00:00
019dab39-216e-74dd-a784-fa118155d1cb,maryam abebe,female,0.77,48,adult,RW,Rwanda,0.64,2026-04-20 14:09:01.295023+00:00
019dab39-2169-7fed-b3d5-b2a242009723,munashe mpofu,male,0.65,32,adult,ZA,South Africa,0.88,2026-04-20 14:09:01.289387+00:00
019dab39-2163-7c19-accf-cc07b0fdba2f,john martin,male,0.92,18,teenager,US,United States,0.27,2026-04-20 14:09:01.283439+00:00
019dab39-215d-7661-95eb-e4874c8e78ad,tatenda ndebele,male,0.89,10,child,ST,São Tomé and Príncipe,0.66,2026-04-20 14:09:01.277398+00:00
019dab39-2157-7163-9558-bc2fb67613d0,mwangi nkosi,male,0.99,42,adult,SS,South Sudan,0.83,2026-04-20 14:09:01.271462+00:00
019dab39-2150-75ba-9863-5bf088fdf639,tadesse desta,male,0.92,23,adult,RW,Rwanda,0.47,2026-04-20 14:09:01.264627+00:00
019dab39-2149-786f-88fc-10820d67cf05,zulai hassan,female,0.71,66,senior,RW,Rwanda,0.76,2026-04-20 14:09:01.257734+00:00
019dab39-2142-7a37-bac2-5369a5c1f430,mekdes elmi,female,0.9,43,adult,UG,Uganda,0.34,2026-04-20 14:09:01.250429+00:00
019dab39-213a-7dac-b17e-91894cf83950,stephanie campbell,female,0.74,85,senior,IN,India,0.25,2026-04-20 14:09:01.242786+00:00
019dab39-2134-75e0-a598-df567195a6cd,oumar sawadogo,male,0.74,30,adult,GH,Ghana,0.32,2026-04-20 14:09:01.237130+00:00
019dab39-212f-738a-8ff1-f1cedb9aa4b4,françois kasavubu,male,0.93,5,child,CG,Republic of the Congo,0.32,2026-04-20 14:09:01.231770+00:00
019dab39-212a-74b9-8032-3f98dff6ba5c,tadesse girma,male,0.99,46,adult,UG,Uganda,0.93,2026-04-20 14:09:01.226351+00:00
019dab39-2125-7230-abd6-b25fb4b5dfaa,ouma awino,male,0.96,41,adult,UG,Uganda,0.85,2026-04-20 14:09:01.221154+00:00
019dab39-211f-7375-bf9e-68c21b7d2d61,ndéye dao,female,0.78,32,adult,NE,Niger,0.55,2026-04-20 14:09:01.216168+00:00
019dab39-2119-72ca-a8ba-f8379423bb88,véronique mba,female,0.91,84,senior,CM,Cameroon,0.85,2026-04-20 14:09:01.210080+00:00
019dab39-2115-7c0b-8ac0-6ce28137768f,mercy antwi,female,0.98,56,adult,NG,Nigeria,0.83,2026-04-20 14:09:01.205570+00:00
019dab39-2110-7c95-abb2-a5f5f16fa470,joseph asante,male,0.75,48,adult,NG,Nigeria,0.79,2026-04-20 14:09:01.201092+00:00
019dab39-210c-7fd9-afe2-cd89b0533505,nadia mansouri,female,0.75,14,teenager,TN,Tunisia,0.23,2026-04-20 14:09:01.196592+00:00
019dab39-2106-7528-89a4-7dbb1d3f26e5,claire tshisekedi,female,0.68,81,senior,CD,DR Congo,0.76,2026-04-20 14:09:01.190589+00:00
019dab39-2100-7b19-af57-62781eb0595f,abdi waweru,male,0.99,26,adult,ET,Ethiopia,0.23,2026-04-20 14:09:01.185060+00:00
019dab39-20fb-766e-93d1-9769c8f02597,cynthia nelson,female,0.68,30,adult,JP,Japan,0.18,2026-04-20 14:09:01.179216+00:00
019dab39-20f4-718a-8f80-c1f90ecc61bb,nadia khatib,female,0.69,15,teenager,TN,Tunisia,0.11,2026-04-20 14:09:01.172813+00:00
019dab39-20ee-73b9-90d1-821ca6802473,jama mnguni,male,0.9,29,adult,UG,Uganda,0.21,2026-04-20 14:09:01.166440+00:00
019dab39-20e6-79c3-af6c-1e60914df217,tinashe mhlanga,male,0.69,45,adult,ZA,South Africa,0.14,2026-04-20 14:09:01.158560+00:00
019dab39-20e0-749a-9c0d-fdc5f236fbf8,joie mboumba,female,0.9,42,adult,CD,DR Congo,0.55,2026-04-20 14:09:01.152565+00:00
019dab39-20da-736c-ab2a-fb95acbac775,lindiwe khumalo,female,0.71,54,adult,ZW,Zimbabwe,0.5,2026-04-20 14:09:01.146942+00:00
019dab39-20d4-749e-b8cd-4a2be3df64e5,mazvita mhlanga,female,0.8,7,child,NA,Namibia,0.24,2026-04-20 14:09:01.140538+00:00
019dab39-20cd-716a-b5af-983362f0c12b,peace tchalla,female,0.89,43,adult,BJ,Benin,0.15,2026-04-20 14:09:01.133572+00:00
019dab39-20c6-77bc-b2c6-02c7d02eaf1a,desta mwangi,male,0.88,23,adult,MZ,Mozambique,0.4,2026-04-20 14:09:01.126770+00:00
019dab39-20c0-729d-bec3-71ac6be88788,awino abebe,female,0.99,44,adult,RW,Rwanda,0.46,2026-04-20 14:09:01.120983+00:00
019dab39-20bb-7fd1-97b5-56540887db18,kagiso jama,male,0.7,40,adult,KE,Kenya,0.6,2026-04-20 14:09:01.115399+00:00
019dab39-20b4-7a94-b6af-659c94d04106,tanaka nkosi,male,0.85,32,adult,LS,Lesotho,0.24,2026-04-20 14:09:01.108725+00:00
019dab39-20ae-72c9-a9dc-6093a99bdf55,maryam omar,female,0.74,19,teenager,KE,Kenya,0.65,2026-04-20 14:09:01.103147+00:00
019dab39-20a9-756d-968b-633909f8df69,dina amrani,female,0.85,21,adult,SD,Sudan,0.63,2026-04-20 14:09:01.097476+00:00
019dab39-20a4-7b8a-8717-9f288b35f5af,margaret baker,female,0.95,12,child,GB,United Kingdom,0.61,2026-04-20 14:09:01.092181+00:00
019dab39-209d-708e-96a8-11adb57ec364,kojo camara,male,0.71,12,child,NG,Nigeria,0.1,2026-04-20 14:09:01.086209+00:00
019dab39-2098-7056-a945-369796ab45cc,amadou sidibé,male,0.82,51,adult,SL,Sierra Leone,0.59,2026-04-20 14:09:01.080433+00:00
019dab39-2092-7d66-9b37-0d1bd9327206,munashe shabalala,male,0.76,84,senior,ZA,South Africa,0.74,2026-04-20 14:09:01.074973+00:00
019dab39-208e-789c-9eff-1b6df4f6fc04,emeka igwe,male,0.72,32,adult,LR,Liberia,0.26,2026-04-20 14:09:01.070773+00:00
019dab39-208a-7b80-a366-a50e02709dbe,amira rachidi,female,0.69,28,adult,MA,Morocco,0.32,2026-04-20 14:09:01.066441+00:00
019dab39-2085-7839-8667-e980b0e693a2,maame nikiéma,female,0.85,7,child,NG,Nigeria,0.32,2026-04-20 14:09:01.061900+00:00
019dab39-2080-7fa4-8966-792338f71826,amira bennani,female,0.72,74,senior,EG,Egypt,0.47,2026-04-20 14:09:01.056479+00:00
019dab39-207c-70f5-b103-7649ddca72bf,ngozi eze,female,0.82,54,adult,BF,Burkina Faso,0.52,2026-04-20 14:09:01.052300+00:00
019dab39-2077-71db-a46f-00e57a57e721,bintou agbodji,female,0.83,40,adult,EH,Western Sahara,0.29,2026-04-20 14:09:01.047677+00:00
019dab39-2072-7f4f-b7e8-5c6561c03a8f,rachid khalil,male,0.78,17,teenager,EG,Egypt,0.12,2026-04-20 14:09:01.042799+00:00
019dab39-206e-7bf9-bde6-bcf2f46bcaca,walid tahir,male,0.93,13,teenager,EG,Egypt,0.9,2026-04-20 14:09:01.038176+00:00
019dab39-2069-70a5-909f-d980a57d2ff1,jeffrey harris,male,0.84,20,adult,BR,Brazil,0.82,2026-04-20 14:09:01.033290+00:00
019dab39-2063-749e-a624-a3acd8c2faf7,mariama dossou,female,0.82,88,senior,NG,Nigeria,0.27,2026-04-20 14:09:01.028052+00:00
019dab39-205e-7ba0-98f6-3053414a00f9,favour mensah,female,0.76,32,adult,TG,Togo,0.24,2026-04-20 14:09:01.022558+00:00
019dab39-2059-717f-846a-82f288bfd3dc,nomsa abdi,female,0.89,36,adult,BI,Burundi,0.55,2026-04-20 14:09:01.017256+00:00
019dab39-2052-7666-ac74-94dcb6ee18f9,halima mnguni,female,0.81,56,adult,MW,Malawi,0.55,2026-04-20 14:09:01.010860+00:00
019dab39-204d-74c5-ae7c-420842c1bbcb,honorine antwi,female,0.68,70,senior,GH,Ghana,0.91,2026-04-20 14:09:01.005725+00:00
019dab39-2048-7289-acd3-c729bf668cae,abdi bekele,male,0.94,31,adult,UG,Uganda,0.77,2026-04-20 14:09:01.000888+00:00
019dab39-2043-7687-a091-f8a041ba4ce6,fatima rachidi,female,0.79,51,adult,EG,Egypt,0.65,2026-04-20 14:09:00.995769+00:00
019dab39-203d-7439-9809-85c7a17f8e76,hassan berrada,male,0.81,7,child,SD,Sudan,0.15,2026-04-20 14:09:00.989375+00:00
019dab39-2037-7bd9-bd15-3f0a31d507cc,gary taylor,male,0.66,36,adult,CA,Canada,0.76,2026-04-20 14:09:00.984096+00:00
019dab39-2032-7ec1-a7bd-ccaabc918210,wairimu farah,female,0.88,10,child,MG,Madagascar,0.39,2026-04-20 14:09:00.978595+00:00
019dab39-202c-7fbf-a2ba-6510dc5605c1,farai cele,male,0.75,23,adult,ZA,South Africa,0.46,2026-04-20 14:09:00.972325+00:00
019dab39-2024-7456-83f1-6103faec039c,deborah anderson,female,0.84,77,senior,CN,China,0.3,2026-04-20 14:09:00.964800+00:00
019dab39-201c-78d5-bf13-6c1ec85f76b1,boubacar sow,male,0.73,8,child,TG,Togo,0.21,2026-04-20 14:09:00.957184+00:00
019dab39-2015-7ee9-8872-4a09a4ac4967,thabo cele,male,0.89,57,adult,ZA,South Africa,0.53,2026-04-20 14:09:00.950108+00:00
019dab39-200f-7ce4-95d2-2887d7a1fa8a,adjoua dao,female,0.8,46,adult,CI,Côte d'Ivoire,0.3,2026-04-20 14:09:00.944051+00:00
019dab39-2008-729f-877a-d1cc76cab987,djeneba tapsoba,female,0.83,60,senior,GH,Ghana,0.36,2026-04-20 14:09:00.937074+00:00
019dab39-2004-7a15-bbae-141153612ae1,daniel evans,male,0.97,65,senior,US,United States,0.2,2026-04-20 14:09:00.932683+00:00
019dab39-1fff-7540-a485-df0e97cd1c52,getachew mohamed,male,0.88,42,adult,BI,Burundi,0.88,2026-04-20 14:09:00.927548+00:00
019dab39-1ff9-7093-acd6-5dd1ad4f33c2,florentine touré,female,0.81,32,adult,NG,Nigeria,0.81,2026-04-20 14:09:00.921752+00:00
019dab39-1ff4-7d00-9692-04f4772bcf1e,halima abdi,female,0.79,42,adult,SS,South Sudan,0.42,2026-04-20 14:09:00.916718+00:00
019dab39-1fef-7b54-af06-65d9ea82c8bd,françois nguema,male,0.72,40,adult,CD,DR Congo,0.2,2026-04-20 14:09:00.911324+00:00
019dab39-1fe9-7c46-a6c8-e114f13d0690,aya chraibi,female,0.85,27,adult,TN,Tunisia,0.72,2026-04-20 14:09:00.905874+00:00
019dab39-1fe5-709f-9155-1a0384503dc5,bilkisu awino,female,0.84,24,adult,TZ,Tanzania,0.81,2026-04-20 14:09:00.901502+00:00
019dab39-1fe0-7bd8-9dbc-a67181eab016,william nguyen,male,0.82,32,adult,GB,United Kingdom,0.66,2026-04-20 14:09:00.896731+00:00
019dab39-1fda-747b-8d84-117eb69a76c2,afia gbagbo,female,0.93,7,child,GH,Ghana,0.48,2026-04-20 14:09:00.890861+00:00
019dab39-1fd6-736f-91c5-f68d2f68a3a1,tunde sawadogo,male,0.95,16,teenager,NG,Nigeria,0.37,2026-04-20 14:09:00.886283+00:00
019dab39-1fd1-76f4-8fef-31e17e564974,akosua olawale,female,0.95,25,adult,MR,Mauritania,0.65,2026-04-20 14:09:00.881299+00:00
019dab39-1fcc-7d04-8b87-98e75d8edcb1,otieno mwangi,male,0.78,16,teenager,ET,Ethiopia,0.21,2026-04-20 14:09:00.876518+00:00
019dab39-1fc7-7da8-8df4-f9a6899d2a85,louis adoula,male,0.75,52,adult,CM,Cameroon,0.63,2026-04-20 14:09:00.871318+00:00
019dab39-1fc2-7852-bf79-047b58216a17,odhiambo adhiambo,male,0.7,26,adult,TZ,Tanzania,0.43,2026-04-20 14:09:00.867001+00:00
019dab39-1fbe-7a10-b42b-d20b6d0e2119,linda brown,female,0.73,28,adult,CN,China,0.38,2026-04-20 14:09:00.862191+00:00
019dab39-1fb8-7f1c-ac2c-352b87ad727b,samir khalil,male,0.86,75,senior,EG,Egypt,0.67,2026-04-20 14:09:00.856925+00:00
019dab39-1fb4-784c-bb80-90551b4b9fca,nandi njoroge,female,0.74,21,adult,TZ,Tanzania,0.51,2026-04-20 14:09:00.852703+00:00
019dab39-1fb0-778c-9509-4b4a1708aacf,khaled kettani,male,0.68,88,senior,DZ,Algeria,0.35,2026-04-20 14:09:00.848476+00:00
019dab39-1fab-7c13-ae81-9a67016f61ca,aster alemu,female,0.67,36,adult,UG,Uganda,0.78,2026-04-20 14:09:00.843771+00:00
019dab39-1fa7-759a-b005-8997cd55641f,akua sidibé,female,0.74,5,child,GM,Gambia,0.65,2026-04-20 14:09:00.839097+00:00
019dab39-1fa2-7f12-86b9-ee923f46b4ea,rené gizenga,male,0.72,46,adult,CM,Cameroon,0.48,2026-04-20 14:09:00.834566+00:00
019dab39-1f9c-7c82-b5b3-a1732bb51fd7,hassan achieng,male,0.86,60,senior,TZ,Tanzania,0.1,2026-04-20 14:09:00.828981+00:00
019dab39-1f97-7096-954e-0ea4b22cbf7c,tatenda mpofu,male,0.77,54,adult,ST,São Tomé and Príncipe,0.42,2026-04-20 14:09:00.823730+00:00
019dab39-1f92-712a-8b36-3e2efe359173,mark olawale,male,0.99,51,adult,NE,Niger,0.84,2026-04-20 14:09:00.818686+00:00
019dab39-1f8d-732b-9ce2-7504e85f62f0,njeri ndlovu,female,0.93,50,adult,DJ,Djibouti,0.43,2026-04-20 14:09:00.814001+00:00
019dab39-1f87-7d4a-91a7-9a917c17caab,robert turner,male,0.71,30,adult,IN,India,0.2,2026-04-20 14:09:00.807489+00:00
019dab39-1f80-7faa-acc2-1e115b0ab16e,fanta compaoré,female,0.65,29,adult,NG,Nigeria,0.37,2026-04-20 14:09:00.801037+00:00
019dab39-1f7a-7665-b668-8b1ca93c7055,nandi mthembu,female,0.96,66,senior,ZA,South Africa,0.54,2026-04-20 14:09:00.794682+00:00
019dab39-1f75-743e-9d1b-83df83e9eb7f,kwame sow,male,0.94,9,child,GM,Gambia,0.13,2026-04-20 14:09:00.789666+00:00
019dab39-1f70-7cdd-ac7c-725efab49993,amenan diallo,female,0.85,22,adult,CI,Côte d'Ivoire,0.13,2026-04-20 14:09:00.785023+00:00
019dab39-1f6b-7754-8475-f897c56eb0f1,tanaka mhlanga,male,0.77,22,adult,AO,Angola,0.56,2026-04-20 14:09:00.779509+00:00
019dab39-1f65-7942-90cb-078ceabd1ea7,girma jama,male,0.91,5,child,MG,Madagascar,0.45,2026-04-20 14:09:00.773601+00:00
019dab39-1f60-7584-b74c-101cb94cc45a,selamawit ouma,female,0.71,6,child,ET,Ethiopia,0.34,2026-04-20 14:09:00.769007+00:00
019dab39-1f5c-7907-8275-9269329a828f,tesfaye abdi,male,0.66,87,senior,UG,Uganda,0.46,2026-04-20 14:09:00.764542+00:00
019dab39-1f55-7dc9-ae63-d689066255c9,wanja mengistu,female,0.76,70,senior,KE,Kenya,0.78,2026-04-20 14:09:00.757987+00:00
019dab39-1f51-7e95-a757-c00c0f779447,oumou okafor,female,0.77,26,adult,MR,Mauritania,0.65,2026-04-20 14:09:00.753380+00:00
019dab39-1f4c-70d3-ae7f-33ab1690c922,nana afolabi,male,0.93,74,senior,SL,Sierra Leone,0.82,2026-04-20 14:09:00.748561+00:00
019dab39-1f46-731a-af91-726a7607cfe3,franck zinsou,male,0.73,53,adult,TG,Togo,0.87,2026-04-20 14:09:00.743098+00:00
019dab39-1f41-77a3-b4b1-b071b4ddd0ab,zulai jama,female,0.82,40,adult,SO,Somalia,0.75,2026-04-20 14:09:00.737756+00:00
019dab39-1f3c-72c2-9c9c-f212a32b3223,nyasha ndlovu,female,0.71,22,adult,NA,Namibia,0.53,2026-04-20 14:09:00.732925+00:00
019dab39-1f37-71ff-95bd-fb99cfe542f1,kojo antwi,male,0.82,45,adult,GH,Ghana,0.9,2026-04-20 14:09:00.727395+00:00
019dab39-1f31-7e00-99ff-888885b53158,ade eze,male,0.7,59,adult,GH,Ghana,0.46,2026-04-20 14:09:00.721741+00:00
019dab39-1f2d-7afc-bcd5-bdff1b780802,mercy segla,female,0.76,21,adult,GH,Ghana,0.67,2026-04-20 14:09:00.717189+00:00
019dab39-1f27-7ca1-9c99-43a18302a90c,joshua allen,male,0.67,54,adult,US,United States,0.57,2026-04-20 14:09:00.711711+00:00
019dab39-1f21-76bd-aa94-e941e922a6db,selamawit achieng,female,0.85,34,adult,KE,Kenya,0.92,2026-04-20 14:09:00.705853+00:00
019dab39-1f1c-7a96-a1d1-f731fec79395,yeshi haile,female,0.75,24,adult,KM,Comoros,0.83,2026-04-20 14:09:00.700630+00:00
019dab39-1f17-7624-8f24-d496ca65ad51,tariro tshuma,female,0.84,45,adult,AO,Angola,0.58,2026-04-20 14:09:00.695911+00:00
019dab39-1f12-780b-a195-319bf36ba4d3,kagiso ndebele,male,0.87,23,adult,ZA,South Africa,0.39,2026-04-20 14:09:00.690611+00:00
019dab39-1f0d-7c94-b654-d9638005026b,ramatu ouma,female,0.8,38,adult,SC,Seychelles,0.93,2026-04-20 14:09:00.686020+00:00
019dab39-1f08-71da-b41d-0c721374217d,selamawit kamau,female,0.86,43,adult,KE,Kenya,0.22,2026-04-20 14:09:00.680584+00:00
019dab39-1f01-706c-a8bf-653a92edaa85,esi okonkwo,female,0.93,42,adult,TG,Togo,0.49,2026-04-20 14:09:00.673753+00:00
019dab39-1efb-7622-b7a9-9c4a91eb2843,peter okafor,male,0.75,26,adult,LR,Liberia,0.91,2026-04-20 14:09:00.667940+00:00
019dab39-1ef5-7f42-854e-5f083bfaa6c4,zakaria amrani,male,0.68,47,adult,MA,Morocco,0.54,2026-04-20 14:09:00.661903+00:00
019dab39-1eef-7fea-9a24-11d68ecb507d,hauwa mwangi,female,0.65,83,senior,UG,Uganda,0.64,2026-04-20 14:09:00.655403+00:00
019dab39-1eea-7b41-9b0c-361ff60b14ab,jason torres,male,0.81,18,teenager,IN,India,0.4,2026-04-20 14:09:00.650312+00:00
019dab39-1ee5-7bf5-ba93-a4ab2cfe1913,thabo mpofu,male,0.76,37,adult,ZA,South Africa,0.52,2026-04-20 14:09:00.645392+00:00
019dab39-1ee0-7f25-8b51-244b8b4d4dd9,kunle hounsou,male,0.96,29,adult,NG,Nigeria,0.22,2026-04-20 14:09:00.640724+00:00
019dab39-1edc-7686-9006-b216c9aebc01,estelle compaoré,female,0.91,26,adult,NG,Nigeria,0.64,2026-04-20 14:09:00.636664+00:00
019dab39-1ed8-7e44-b78a-685ee0c80bf5,adjoua agbodji,female,0.75,89,senior,GH,Ghana,0.33,2026-04-20 14:09:00.632416+00:00
019dab39-1ed3-75a4-8c49-2d9fbc3168b4,emmanuel nikiéma,male,0.91,14,teenager,GH,Ghana,0.47,2026-04-20 14:09:00.627900+00:00
019dab39-1ece-7ffa-a5d0-3d419be226aa,lisa king,female,0.82,31,adult,BR,Brazil,0.57,2026-04-20 14:09:00.622847+00:00
019dab39-1ec9-74e5-b72f-b8abe9abe168,betty perez,female,0.91,63,senior,FR,France,0.94,2026-04-20 14:09:00.618117+00:00
019dab39-1ec4-73e2-9131-3a19a30d4067,rim rachidi,female,0.93,28,adult,TN,Tunisia,0.7,2026-04-20 14:09:00.612453+00:00
019dab39-1ebe-7c16-8de6-944184fe7bf2,almaz elmi,female,0.87,48,adult,ET,Ethiopia,0.43,2026-04-20 14:09:00.606215+00:00
019dab39-1eb9-75bf-b4e6-57e9d106eccb,kagiso nkomo,male,0.82,37,adult,AO,Angola,0.42,2026-04-20 14:09:00.601187+00:00
019dab39-1eb4-7f6a-9ad1-2b8c660748ab,mariama babatunde,female,0.7,87,senior,GW,Guinea-Bissau,0.53,2026-04-20 14:09:00.596381+00:00
019dab39-1eae-7eac-b208-5345856cd1c9,anne mukendi,female,0.78,5,child,CM,Cameroon,0.87,2026-04-20 14:09:00.590861+00:00
019dab39-1ea9-7d8a-ac3d-ca888542a917,richard hounsou,male,0.89,40,adult,GN,Guinea,0.48,2026-04-20 14:09:00.586012+00:00
019dab39-1ea5-7efa-a43a-0177b69c48e0,efua traoré,female,0.72,78,senior,BJ,Benin,0.45,2026-04-20 14:09:00.581417+00:00
019dab39-1e9f-7379-bf1d-891bfc2fe31b,laura adams,female,0.98,14,teenager,CA,Canada,0.19,2026-04-20 14:09:00.575753+00:00
019dab39-1e9b-78b5-8e3e-b251aaf33bdb,lindiwe mhlanga,female,0.71,32,adult,ZW,Zimbabwe,0.69,2026-04-20 14:09:00.571116+00:00
019dab39-1e96-76be-990d-b67ee3259b66,mulu ouma,female,0.82,85,senior,SO,Somalia,0.19,2026-04-20 14:09:00.566310+00:00
019dab39-1e8f-7655-8843-36bc061dde3b,alexis antwi,male,0.92,61,senior,CV,Cape Verde,0.67,2026-04-20 14:09:00.560003+00:00
019dab39-1e8a-78db-86d4-d2c7036024a0,chisom asante,female,0.68,40,adult,BJ,Benin,0.52,2026-04-20 14:09:00.554510+00:00
019dab39-1e85-7667-825e-1f2edc3f8dfa,ayasha haile,female,0.85,68,senior,TZ,Tanzania,0.81,2026-04-20 14:09:00.549906+00:00
019dab39-1e80-7302-b1bb-95f343adb80d,gloire mba,female,0.85,48,adult,CM,Cameroon,0.48,2026-04-20 14:09:00.544582+00:00
019dab39-1e7a-7df7-8b35-a0308468da09,hélène adoula,female,0.83,87,senior,CM,Cameroon,0.93,2026-04-20 14:09:00.538998+00:00
019dab39-1e76-7e38-9d5e-a1f0d14be1c0,rudo dube,female,0.67,90,senior,ZA,South Africa,0.57,2026-04-20 14:09:00.534219+00:00
019dab39-1e70-739f-aa2a-cfb9e7378adb,fanta ouédraogo,female,0.97,57,adult,ML,Mali,0.4,2026-04-20 14:09:00.528908+00:00
019dab39-1e6b-79f7-9633-f220515ca022,khaled chraibi,male,0.89,44,adult,SD,Sudan,0.92,2026-04-20 14:09:00.523272+00:00
019dab39-1e66-77cb-ad98-99f3ad654884,joseph anderson,male,0.89,83,senior,FR,France,0.33,2026-04-20 14:09:00.518824+00:00
019dab39-1e62-7e8f-940d-e27503a4db00,yasmine kettani,female,0.93,33,adult,SD,Sudan,0.14,2026-04-20 14:09:00.514329+00:00
019dab39-1e5d-7357-b871-444111143fba,adhiambo awino,female,0.76,56,adult,KE,Kenya,0.9,2026-04-20 14:09:00.509230+00:00
019dab39-1e58-7bc6-b9c9-131fdbab5e6b,nokwanda ncube,female,0.69,68,senior,ZA,South Africa,0.46,2026-04-20 14:09:00.504780+00:00
019dab39-1e53-7f1e-8220-6be27c46791c,lindiwe mnguni,female,0.73,75,senior,NA,Namibia,0.87,2026-04-20 14:09:00.500108+00:00
019dab39-1e4e-70f0-bc0f-8acd7927f5a1,tafadzwa ndebele,male,0.66,58,adult,AO,Angola,0.7,2026-04-20 14:09:00.494216+00:00
019dab39-1e49-7351-ab3f-c306bb722180,hirut desta,female,0.72,85,senior,RW,Rwanda,0.78,2026-04-20 14:09:00.489321+00:00
019dab39-1e44-790a-8b4a-806f2aeabffe,lisa parker,female,0.89,86,senior,FR,France,0.62,2026-04-20 14:09:00.484840+00:00
019dab39-1e3f-79d4-8973-c31c7c7ffe88,daniel miller,male,0.89,54,adult,IN,India,0.69,2026-04-20 14:09:00.479694+00:00
019dab39-1e39-7c4a-af59-60f58af983c5,othmane khalil,male,0.98,45,adult,EG,Egypt,0.54,2026-04-20 14:09:00.473459+00:00
019dab39-1e34-76b0-bff7-33371c476c44,steven turner,male,0.93,40,adult,DE,Germany,0.16,2026-04-20 14:09:00.468991+00:00
019dab39-1e30-7b92-a35a-496237748169,anthony baker,male,0.65,41,adult,IN,India,0.7,2026-04-20 14:09:00.464921+00:00
019dab39-1e2a-7771-bd82-13adba2038ca,araba okonkwo,female,0.94,30,adult,ML,Mali,0.23,2026-04-20 14:09:00.459274+00:00
019dab39-1e25-749e-9c30-7c9732a971fd,akinyi khumalo,female,0.89,56,adult,RW,Rwanda,0.85,2026-04-20 14:09:00.454044+00:00
019dab39-1e21-7fc1-9082-3c36bd05bf6c,franck okonkwo,male,0.9,65,senior,GH,Ghana,0.54,2026-04-20 14:09:00.449487+00:00
019dab39-1e1c-7d80-a065-10d91ea68583,kofi sow,male,0.95,5,child,ML,Mali,0.5,2026-04-20 14:09:00.444435+00:00
019dab39-1e17-7e8a-b69d-f14d29b3dd50,thandiwe haile,female,0.79,88,senior,UG,Uganda,0.57,2026-04-20 14:09:00.439206+00:00
019dab39-1e11-7f66-8a6f-9e8006c932e7,malak mansouri,female,0.92,25,adult,EG,Egypt,0.76,2026-04-20 14:09:00.434029+00:00
019dab39-1e0d-74b5-a252-78534223163e,kathleen green,female,0.9,76,senior,US,United States,0.66,2026-04-20 14:09:00.429164+00:00
019dab39-1e06-7578-b51e-b4077d1e85f2,ibrahim alemu,male,0.73,23,adult,ET,Ethiopia,0.38,2026-04-20 14:09:00.422596+00:00
019dab39-1e00-75ef-b477-34829007a05b,gloire bomboko,female,0.71,49,adult,CD,DR Congo,0.47,2026-04-20 14:09:00.416324+00:00
019dab39-1df9-75da-bb00-82c7b3e721d1,kola diallo,male,0.79,78,senior,CI,Côte d'Ivoire,0.7,2026-04-20 14:09:00.410039+00:00
019dab39-1df4-724b-afcd-e2a3853cab32,ahmed farah,male,0.82,27,adult,TZ,Tanzania,0.52,2026-04-20 14:09:00.404849+00:00
019dab39-1ded-758c-86c9-79dfbe2d74c4,wairimu mthembu,female,0.87,62,senior,KE,Kenya,0.85,2026-04-20 14:09:00.397923+00:00
019dab39-1de6-79a4-9389-980fed350751,selamawit bekele,female,0.78,31,adult,KE,Kenya,0.35,2026-04-20 14:09:00.390431+00:00
019dab39-1dde-7eb2-b52a-49519ce9906f,peter agbodji,male,0.71,77,senior,ML,Mali,0.44,2026-04-20 14:09:00.383144+00:00
019dab39-1dd7-77d9-8bfc-ff37e4425c2b,joseph williams,male,0.82,68,senior,US,United States,0.62,2026-04-20 14:09:00.375767+00:00
019dab39-1dd2-7bf6-b685-bfedef8a513b,akinyi abebe,female,0.65,41,adult,KE,Kenya,0.8,2026-04-20 14:09:00.370125+00:00
019dab39-1dcd-7a48-b8f5-904a653efb52,deborah jones,female,0.97,48,adult,CN,China,0.28,2026-04-20 14:09:00.365537+00:00
019dab39-1dc8-7a70-a4d8-a11835403c30,youssef bennani,male,0.66,19,teenager,MA,Morocco,0.67,2026-04-20 14:09:00.360119+00:00
019dab39-1dc3-7eb7-8470-153b8bb4f1cb,munashe khumalo,male,0.75,54,adult,BW,Botswana,0.84,2026-04-20 14:09:00.355920+00:00
019dab39-1dbf-77aa-b0a3-921c99cc9fbd,amanda roberts,female,0.78,45,adult,DE,Germany,0.95,2026-04-20 14:09:00.351173+00:00
019dab39-1dba-766f-b2a1-c64361a883fb,didier barro,male,0.96,79,senior,NG,Nigeria,0.91,2026-04-20 14:09:00.346723+00:00
019dab39-1db5-7488-841f-6f75fb64245d,bienvenu kalonji,male,0.85,60,senior,CM,Cameroon,0.75,2026-04-20 14:09:00.341993+00:00
019dab39-1db1-7dd9-9483-314768bc1ce2,sekai sibanda,female,0.95,71,senior,ZW,Zimbabwe,0.56,2026-04-20 14:09:00.337805+00:00
019dab39-1dad-755c-81f0-73e2299c4a2f,william wright,male,0.7,53,adult,FR,France,0.85,2026-04-20 14:09:00.333595+00:00
019dab39-1da8-7a97-acd6-a125da0b8cb4,tunde sow,male,0.86,40,adult,NG,Nigeria,0.52,2026-04-20 14:09:00.328735+00:00
019dab39-1da1-7ef6-935f-5c72a6d56efc,peace lokossou,female,0.81,44,adult,TG,Togo,0.54,2026-04-20 14:09:00.321725+00:00
019dab39-1d9d-7172-ae5a-3da2f2149fe7,tigist odhiambo,female,0.66,49,adult,MZ,Mozambique,0.12,2026-04-20 14:09:00.317516+00:00
019dab39-1d98-70e8-b4a8-91575c2c8c6e,zodwa mhlanga,female,0.78,54,adult,BW,Botswana,0.39,2026-04-20 14:09:00.312980+00:00
019dab39-1d93-7d31-8bfb-9f0561a7a2c4,nomsa mthembu,female,0.68,11,child,ZW,Zimbabwe,0.11,2026-04-20 14:09:00.307752+00:00
019dab39-1d8f-721e-b697-6b9caa140546,bintou okafor,female,0.88,27,adult,NG,Nigeria,0.72,2026-04-20 14:09:00.303694+00:00
019dab39-1d8b-7f12-ad96-a9e3f231c920,jeanne kalonji,female,0.7,58,adult,CD,DR Congo,0.27,2026-04-20 14:09:00.299795+00:00
019dab39-1d87-748f-b9a5-efe340dc8ac9,hicham alaoui,male,0.98,31,adult,EG,Egypt,0.82,2026-04-20 14:09:00.295649+00:00
019dab39-1d82-72f9-899b-29fc75574934,omar nkosi,male,0.9,7,child,MW,Malawi,0.61,2026-04-20 14:09:00.290659+00:00
019dab39-1d7e-76b4-8f79-c89e1c19326f,steven thompson,male,0.84,7,child,FR,France,0.54,2026-04-20 14:09:00.286334+00:00
019dab39-1d79-7da1-b55c-e0665169f54a,estelle segla,female,0.7,10,child,EH,Western Sahara,0.71,2026-04-20 14:09:00.282089+00:00
019dab39-1d75-72e5-85ee-bfd53086b1d3,alexis adjei,male,0.77,83,senior,CV,Cape Verde,0.16,2026-04-20 14:09:00.277988+00:00
019dab39-1d6f-74f0-a47d-a39bb67cae12,dieudonné mukendi,male,0.8,45,adult,CD,DR Congo,0.5,2026-04-20 14:09:00.272003+00:00
019dab39-1d69-7f59-924a-756fc1f67f4a,sizwe getachew,male,0.94,16,teenager,RW,Rwanda,0.89,2026-04-20 14:09:00.265898+00:00
019dab39-1d62-7422-9a05-2ce4b83f30a2,richard miller,male,0.87,74,senior,IN,India,0.42,2026-04-20 14:09:00.258904+00:00
019dab39-1d5d-76ec-81d4-5abe661d8a32,omar desta,male,0.72,5,child,KE,Kenya,0.93,2026-04-20 14:09:00.253373+00:00
019dab39-1d57-77d2-964c-a8006f071f4a,sadiya getachew,female,0.67,86,senior,TZ,Tanzania,0.5,2026-04-20 14:09:00.247231+00:00
019dab39-1d50-72eb-abc5-b508264d08ac,walid filali,male,0.69,79,senior,MA,Morocco,0.27,2026-04-20 14:09:00.240500+00:00
019dab39-1d49-788a-bc8d-fbb5d53c95f7,thandiwe nxumalo,female,0.66,7,child,KE,Kenya,0.12,2026-04-20 14:09:00.233612+00:00
019dab39-1d43-7453-8ae3-9695cfd1d11f,tesfaye alemu,male,0.98,24,adult,ET,Ethiopia,0.4,2026-04-20 14:09:00.227868+00:00
019dab39-1d3e-755d-8a16-c45b19d783fa,thérèse ping,female,0.79,54,adult,CG,Republic of the Congo,0.41,2026-04-20 14:09:00.222312+00:00
019dab39-1d3a-7fc8-baba-9e33544ea205,tesfaye haile,male,0.89,43,adult,KE,Kenya,0.2,2026-04-20 14:09:00.218309+00:00
019dab39-1d36-7080-af39-ce4badd19a23,zineb bouazza,female,0.87,78,senior,TN,Tunisia,0.4,2026-04-20 14:09:00.214134+00:00
019dab39-1d31-754b-9b00-019088349e30,coumba camara,female,0.86,32,adult,BF,Burkina Faso,0.59,2026-04-20 14:09:00.209279+00:00
019dab39-1d2c-79a3-aac0-f1d5a439b6fd,mamadou barro,male,0.7,21,adult,NG,Nigeria,0.73,2026-04-20 14:09:00.204989+00:00
019dab39-1d28-789f-9f4e-18e2c20a4938,nomsa abebe,female,0.83,42,adult,DJ,Djibouti,0.47,2026-04-20 14:09:00.200816+00:00
019dab39-1d24-70a8-882c-b2feab8baced,rania benhammou,female,0.77,53,adult,EG,Egypt,0.86,2026-04-20 14:09:00.196368+00:00
019dab39-1d1d-76a3-92e8-2bbdbc189950,cynthia mitchell,female,0.67,45,adult,CN,China,0.33,2026-04-20 14:09:00.189840+00:00
019dab39-1d18-7da6-84ee-46a330ac5d56,abebe abebe,male,0.96,28,adult,UG,Uganda,0.41,2026-04-20 14:09:00.184999+00:00
019dab39-1d14-781d-8e39-38988bbb90d2,adhiambo njoroge,female,0.88,12,child,ET,Ethiopia,0.9,2026-04-20 14:09:00.180227+00:00
019dab39-1d0f-78e4-a241-4a1ad1104ea6,moussa touré,male,0.91,29,adult,CI,Côte d'Ivoire,0.42,2026-04-20 14:09:00.175615+00:00
019dab39-1d0b-7d6e-ac48-40bba27b64fc,pierre ondimba,male,0.81,47,adult,CM,Cameroon,0.57,2026-04-20 14:09:00.171380+00:00
019dab39-1d07-7935-bf41-c570d7fd95c8,mark parker,male,0.89,60,senior,BR,Brazil,0.49,2026-04-20 14:09:00.167341+00:00
019dab39-1d02-76b3-9c4a-9af1b562253e,mutua nkosi,male,0.82,12,child,MG,Madagascar,0.26,2026-04-20 14:09:00.162999+00:00
019dab39-1cfd-7205-9c67-d15329d471cb,betty adams,female,0.65,19,teenager,JP,Japan,0.38,2026-04-20 14:09:00.157430+00:00
019dab39-1cf8-72a0-af40-2fe837104fb5,wairimu odhiambo,female,0.66,37,adult,KE,Kenya,0.77,2026-04-20 14:09:00.152888+00:00
019dab39-1cf4-7a5b-957c-4a9ff7846c31,tadesse nxumalo,male,0.98,19,teenager,UG,Uganda,0.39,2026-04-20 14:09:00.148595+00:00
019dab39-1cee-7569-9686-94315aa1b486,nompumelelo dube,female,0.92,17,teenager,ZM,Zambia,0.82,2026-04-20 14:09:00.143246+00:00
019dab39-1cea-7b9d-850d-f98ccc055fa5,marguerite bomboko,female,0.77,65,senior,CD,DR Congo,0.14,2026-04-20 14:09:00.138354+00:00
019dab39-1ce5-7f9e-9b50-3191eaf8b702,othmane el fassi,male,0.79,24,adult,EG,Egypt,0.31,2026-04-20 14:09:00.133865+00:00
019dab39-1cdd-7b4e-9a40-8ca909695246,almaz warsame,female,0.82,67,senior,KE,Kenya,0.53,2026-04-20 14:09:00.125568+00:00
019dab39-1cd6-7d40-ba2e-9f5302409543,george nguyen,male,0.96,15,teenager,FR,France,0.29,2026-04-20 14:09:00.118690+00:00
019dab39-1ccf-7741-96c4-9d81cd5e67f1,omar omar,male,0.78,83,senior,UG,Uganda,0.29,2026-04-20 14:09:00.111438+00:00
019dab39-1cc7-7936-acff-bb445ea5abf2,célestin nkoghe,male,0.92,34,adult,GQ,Equatorial Guinea,0.33,2026-04-20 14:09:00.103798+00:00
019dab39-1cc0-7094-95ba-38c2aa4c7d8a,sipho nyoni,male,0.83,56,adult,ZA,South Africa,0.51,2026-04-20 14:09:00.096886+00:00
019dab39-1cb9-7459-a862-d7c2cda3bd10,hana saidi,female,0.9,80,senior,SD,Sudan,0.49,2026-04-20 14:09:00.089437+00:00
019dab39-1cb1-7ea2-a8a6-532997af0785,yusuf ndlovu,male,0.78,32,adult,ET,Ethiopia,0.26,2026-04-20 14:09:00.082049+00:00
019dab39-1ca6-7013-b59e-df832b564a3c,aminata diallo,female,0.91,47,adult,MR,Mauritania,0.69,2026-04-20 14:09:00.070464+00:00
019dab39-1c93-7daf-9ad5-2eae9d59860e,adhiambo abdi,female,0.69,55,adult,KE,Kenya,0.91,2026-04-20 14:09:00.051352+00:00
019dab39-1c83-7695-9b8c-468575319745,adjoua okonkwo,female,0.81,76,senior,BJ,Benin,0.66,2026-04-20 14:09:00.035373+00:00
019dab39-1c70-7308-99e8-5e5e642a50d0,karim mansouri,male,0.77,18,teenager,SD,Sudan,0.43,2026-04-20 14:09:00.017098+00:00
019dab39-1c63-75df-b941-b28fb0764099,nompumelelo mthembu,female,0.72,18,teenager,KE,Kenya,0.84,2026-04-20 14:09:00.003749+00:00
019dab39-1c4e-70f2-97da-880a328821f6,ngozi osei,female,0.87,17,teenager,GH,Ghana,0.71,2026-04-20 14:08:59.983072+00:00
019dab39-1c38-74d8-96d6-844d8fbc788c,franck barro,male,0.89,41,adult,BF,Burkina Faso,0.36,2026-04-20 14:08:59.960916+00:00
019dab39-1c28-7bf4-87f7-a8141ec14dfa,clarisse sawadogo,female,0.7,81,senior,NG,Nigeria,0.53,2026-04-20 14:08:59.944968+00:00
019dab39-1c18-7f46-930c-3fd63c1c814c,bongani odhiambo,male,0.88,27,adult,MU,Mauritius,0.88,2026-04-20 14:08:59.928532+00:00
019dab39-1c09-7721-af5f-0eb85404ead9,mark garcia,male,0.9,6,child,IN,India,0.21,2026-04-20 14:08:59.913252+00:00
019dab39-1c03-7ada-a6c8-282fbaac90a2,oumar diallo,male,0.75,24,adult,NE,Niger,0.37,2026-04-20 14:08:59.907951+00:00
019dab39-1bfe-7cf3-a7c5-dbae62aae1bb,farah kamau,male,0.93,51,adult,MG,Madagascar,0.92,2026-04-20 14:08:59.902711+00:00
019dab39-1bf9-7435-8705-8c350e6f0f0c,lesego sibanda,male,0.83,59,adult,ZW,Zimbabwe,0.81,2026-04-20 14:08:59.897794+00:00
019dab39-1bf3-7893-acaa-77ea0718eab3,shamiso ndlovu,female,0.95,21,adult,ZW,Zimbabwe,0.67,2026-04-20 14:08:59.891655+00:00
019dab39-1bee-798a-b9f8-1679ad99b436,efua adeyemi,female,0.76,70,senior,NG,Nigeria,0.78,2026-04-20 14:08:59.886823+00:00
019dab39-1be9-7f06-8eda-01594a32ef00,paul smith,male,0.84,14,teenager,US,United States,0.82,2026-04-20 14:08:59.881493+00:00
019dab39-1be3-721f-8cd8-bc8c3a4d2a64,assata afolabi,female,0.73,44,adult,NG,Nigeria,0.68,2026-04-20 14:08:59.875528+00:00
019dab39-1bde-7b64-aa86-a196b3538d78,salma kettani,female,0.88,21,adult,SD,Sudan,0.56,2026-04-20 14:08:59.870402+00:00
019dab39-1bd9-73ed-89c6-f28615488f4c,sekai tshuma,female,0.87,49,adult,ZW,Zimbabwe,0.37,2026-04-20 14:08:59.865327+00:00
019dab39-1bd3-7da4-b600-4be5717f87e1,youssef filali,male,0.81,29,adult,SD,Sudan,0.16,2026-04-20 14:08:59.859799+00:00
019dab39-1bce-7632-b8e6-0a96e3af854e,bienvenu tshisekedi,male,0.8,9,child,CM,Cameroon,0.49,2026-04-20 14:08:59.854364+00:00
019dab39-1bca-78cd-92ae-006a034a2309,tebogo dlamini,male,0.69,14,teenager,ZA,South Africa,0.18,2026-04-20 14:08:59.850302+00:00
019dab39-1bc5-78f3-b680-6e6979218c04,femi adjei,male,0.72,19,teenager,MR,Mauritania,0.89,2026-04-20 14:08:59.846126+00:00
019dab39-1bc0-776c-a3e1-2436146edb52,david miller,male,0.76,13,teenager,FR,France,0.28,2026-04-20 14:08:59.840769+00:00
019dab39-1bbb-7b83-88c5-fca92616fb89,salma khatib,female,0.74,16,teenager,SD,Sudan,0.84,2026-04-20 14:08:59.835281+00:00
019dab39-1bb5-7e7d-ac43-b3971e423092,bekele ouma,male,0.95,19,teenager,KM,Comoros,0.14,2026-04-20 14:08:59.829771+00:00
019dab39-1baf-7cf6-bac3-eb8a1fbc6b41,nomsa tshuma,female,0.7,37,adult,ZM,Zambia,0.44,2026-04-20 14:08:59.823180+00:00
019dab39-1ba9-70de-bbc1-d6afe04c10f1,paul adjei,male,0.7,53,adult,CI,Côte d'Ivoire,0.28,2026-04-20 14:08:59.817862+00:00
019dab39-1ba4-712b-9afb-af15ecd3318e,kagiso getachew,male,0.93,11,child,ET,Ethiopia,0.69,2026-04-20 14:08:59.812575+00:00
019dab39-1b9e-71f3-9dd5-45f6c089a1ce,nompumelelo sibanda,female,0.98,16,teenager,AO,Angola,0.84,2026-04-20 14:08:59.806138+00:00
019dab39-1b98-71d0-adf1-e2ee0d97852d,desta achieng,male,0.97,72,senior,UG,Uganda,0.8,2026-04-20 14:08:59.800347+00:00
019dab39-1b92-7fe4-9526-a128495e88c8,bintou sow,female,0.86,23,adult,BJ,Benin,0.26,2026-04-20 14:08:59.794534+00:00
019dab39-1b8c-70ab-9432-7eec7c2d50bc,matthew jones,male,0.85,21,adult,DE,Germany,0.63,2026-04-20 14:08:59.788312+00:00
019dab39-1b86-7172-a1e8-f5cf849a36bc,thabo ncube,male,0.66,29,adult,ZA,South Africa,0.71,2026-04-20 14:08:59.782906+00:00
019dab39-1b81-7e29-bd5c-dd58b1dbaabf,karim alaoui,male,0.72,89,senior,EG,Egypt,0.5,2026-04-20 14:08:59.777963+00:00
019dab39-1b7b-702a-8319-f70d0b927cb3,ashley martin,female,0.91,59,adult,US,United States,0.15,2026-04-20 14:08:59.771894+00:00
019dab39-1b77-7164-ab90-565713583741,chisom mensah,female,0.7,88,senior,NG,Nigeria,0.78,2026-04-20 14:08:59.767478+00:00
019dab39-1b73-7c8e-8d06-7ce36c373aae,richard king,male,0.83,54,adult,IN,India,0.78,2026-04-20 14:08:59.763213+00:00
019dab39-1b6e-7d8f-83bf-a55e8cd1a5aa,tendai girma,male,0.87,22,adult,KE,Kenya,0.41,2026-04-20 14:08:59.758392+00:00
019dab39-1b69-7f89-86ef-7adc66eed8e2,nokwanda khumalo,female,0.69,18,teenager,ZA,South Africa,0.74,2026-04-20 14:08:59.753477+00:00
019dab39-1b63-7ca2-a369-5ad1bb4f0351,nandi moyo,female,0.74,24,adult,ZA,South Africa,0.17,2026-04-20 14:08:59.747697+00:00
019dab39-1b5d-7e21-b357-e90b6f2a4eae,mpho nkosi,male,0.78,27,adult,ST,São Tomé and Príncipe,0.23,2026-04-20 14:08:59.742035+00:00
019dab39-1b58-7a6a-a254-c3f60ab78490,grâce eyeghe,female,0.85,15,teenager,CD,DR Congo,0.7,2026-04-20 14:08:59.736699+00:00
019dab39-1b52-75b3-8246-35e59991e0a0,mehdi berrada,male,0.67,5,child,TN,Tunisia,0.88,2026-04-20 14:08:59.731056+00:00
019dab39-1b4c-7a7d-91c6-3075cffec706,kofi amoah,male,0.83,30,adult,MR,Mauritania,0.32,2026-04-20 14:08:59.724227+00:00
019dab39-1b46-7a10-885f-659f723d5ed8,bongani kamau,male,0.81,25,adult,ET,Ethiopia,0.25,2026-04-20 14:08:59.718644+00:00
019dab39-1b40-7419-b7b5-6b38bdee9ee8,michael adams,male,0.7,74,senior,AU,Australia,0.13,2026-04-20 14:08:59.712402+00:00
019dab39-1b39-764e-aaa5-43560752e364,almaz getachew,female,0.82,43,adult,MU,Mauritius,0.81,2026-04-20 14:08:59.706037+00:00
019dab39-1b34-79b3-82e1-fccfe06e6575,jacques kabila,male,0.89,38,adult,GQ,Equatorial Guinea,0.33,2026-04-20 14:08:59.700516+00:00
019dab39-1b2f-72f2-98f4-7571ed7a73be,amina mengistu,female,0.82,71,senior,ET,Ethiopia,0.41,2026-04-20 14:08:59.696057+00:00
019dab39-1b29-78a4-97d4-b92eee6d860b,themba khumalo,male,0.69,41,adult,ZW,Zimbabwe,0.35,2026-04-20 14:08:59.690092+00:00
019dab39-1b25-76e1-93c6-97d75f164eb1,richard williams,male,0.85,71,senior,GB,United Kingdom,0.64,2026-04-20 14:08:59.685728+00:00
019dab39-1b21-70e9-b4c9-dc78d0e123f2,kunle babatunde,male,0.96,12,child,CI,Côte d'Ivoire,0.68,2026-04-20 14:08:59.681166+00:00
019dab39-1b1b-7418-8504-313a5781785a,samuel coulibaly,male,0.77,6,child,BJ,Benin,0.23,2026-04-20 14:08:59.675350+00:00
019dab39-1b16-7f41-ac7d-b949148b6314,robert scott,male,0.72,27,adult,US,United States,0.42,2026-04-20 14:08:59.670316+00:00
019dab39-1b11-798b-8b62-413b8739a971,desta girma,male,0.95,31,adult,MZ,Mozambique,0.12,2026-04-20 14:08:59.665625+00:00
019dab39-1b0a-7c82-9959-17d040f99b4b,almaz abdi,female,0.81,57,adult,RW,Rwanda,0.62,2026-04-20 14:08:59.659067+00:00
019dab39-1b06-7584-afb2-6f473282116e,zakaria hajji,male,0.89,72,senior,EG,Egypt,0.85,2026-04-20 14:08:59.654309+00:00
019dab39-1b01-7376-9d08-4a2172382c7a,zanele shabalala,female,0.96,46,adult,ZW,Zimbabwe,0.67,2026-04-20 14:08:59.650057+00:00
019dab39-1afd-70f6-a922-b0edb82c55aa,segun agyei,male,0.83,33,adult,CI,Côte d'Ivoire,0.61,2026-04-20 14:08:59.645208+00:00
019dab39-1af8-784b-b0a8-c15576d91e92,tigist mthembu,female,0.88,56,adult,UG,Uganda,0.94,2026-04-20 14:08:59.640805+00:00
019dab39-1af4-7b4a-814b-f7433e9ff3c3,halima tadesse,female,0.79,25,adult,KE,Kenya,0.47,2026-04-20 14:08:59.636414+00:00
019dab39-1aef-709f-95c4-8a8aae17609c,yusuf haile,male,0.67,58,adult,ET,Ethiopia,0.95,2026-04-20 14:08:59.631882+00:00
019dab39-1aea-71aa-b72e-48166af10324,lindiwe ndlovu,female,0.93,43,adult,BW,Botswana,0.81,2026-04-20 14:08:59.626564+00:00
019dab39-1ae4-74d8-9e98-c3ceebf85060,selamawit otieno,female,0.74,39,adult,KE,Kenya,0.64,2026-04-20 14:08:59.620858+00:00
019dab39-1adf-70b3-887c-e7da1a03b559,simba masondo,male,0.67,59,adult,SZ,Eswatini,0.56,2026-04-20 14:08:59.616033+00:00
019dab39-1ada-7971-8069-e572257419ac,getachew getachew,male,0.73,52,adult,UG,Uganda,0.5,2026-04-20 14:08:59.610523+00:00
019dab39-1ad5-7120-9367-8a6affca9c0c,gloire kasavubu,female,0.75,8,child,GA,Gabon,0.15,2026-04-20 14:08:59.605257+00:00
019dab39-1acf-7558-8aa0-e1b2a5f61265,florentine adeyemi,female,0.9,34,adult,BJ,Benin,0.72,2026-04-20 14:08:59.600134+00:00
019dab39-1aca-7c5c-99d4-fa109aab8a25,andrew garcia,male,0.82,43,adult,FR,France,0.33,2026-04-20 14:08:59.594256+00:00
019dab39-1ac4-792c-8f59-86d24af088af,pierre lumumba,male,0.88,35,adult,CM,Cameroon,0.6,2026-04-20 14:08:59.588737+00:00
019dab39-1abf-75aa-bc97-b15257fc80c1,michael miller,male,0.77,10,child,CN,China,0.88,2026-04-20 14:08:59.583848+00:00
019dab39-1aba-7878-b115-0fd702f31222,marcel adoula,male,0.72,8,child,CM,Cameroon,0.95,2026-04-20 14:08:59.579076+00:00
019dab39-1ab4-72c7-92df-691d37153be4,bongani dlamini,male,0.99,51,adult,ZA,South Africa,0.64,2026-04-20 14:08:59.572575+00:00
019dab39-1ab0-7f5b-b917-f215d1c16925,salma tahir,female,0.98,37,adult,DZ,Algeria,0.49,2026-04-20 14:08:59.568299+00:00
019dab39-1aac-7b34-885a-e003cd2e8b7c,ryan nguyen,male,0.95,17,teenager,BR,Brazil,0.11,2026-04-20 14:08:59.564133+00:00
019dab39-1aa7-7672-b617-eaeeaf07b922,maame darko,female,0.74,7,child,GM,Gambia,0.27,2026-04-20 14:08:59.559494+00:00
019dab39-1aa2-7955-a126-2142b45b2d75,hamza kettani,male,0.85,48,adult,MA,Morocco,0.42,2026-04-20 14:08:59.555104+00:00
019dab39-1a9e-79df-8448-9abcc079e264,tunde okonkwo,male,0.85,7,child,SN,Senegal,0.77,2026-04-20 14:08:59.550227+00:00
019dab39-1a99-7171-95e0-af37409e77da,mamadou touré,male,0.72,34,adult,GH,Ghana,0.69,2026-04-20 14:08:59.545912+00:00
019dab39-1a94-733a-97fc-fefdc5541c58,david wright,male,0.98,16,teenager,FR,France,0.23,2026-04-20 14:08:59.540614+00:00
019dab39-1a8f-7931-b343-e4f54554e97e,emily brown,female,0.8,84,senior,US,United States,0.2,2026-04-20 14:08:59.536112+00:00
019dab39-1a8a-782b-b5b3-76dcd413bb1f,oumou dossou,female,0.71,84,senior,CI,Côte d'Ivoire,0.28,2026-04-20 14:08:59.530803+00:00
019dab39-1a85-7c92-803f-ba7045c92af5,tariro mnguni,female,0.88,5,child,ZA,South Africa,0.88,2026-04-20 14:08:59.525758+00:00
019dab39-1a80-7ddf-a465-df5a8fc15855,mercy chukwu,female,0.73,17,teenager,TG,Togo,0.88,2026-04-20 14:08:59.520991+00:00
019dab39-1a7b-7836-8218-87707bf9eb4b,mengistu bekele,male,0.65,62,senior,KE,Kenya,0.11,2026-04-20 14:08:59.515486+00:00
019dab39-1a75-7200-998e-f7f42382e54b,carol mitchell,female,0.88,54,adult,JP,Japan,0.75,2026-04-20 14:08:59.509492+00:00
019dab39-1a6e-7c69-9396-3b45dbe78237,sipho getachew,male,0.75,17,teenager,TZ,Tanzania,0.91,2026-04-20 14:08:59.502969+00:00
019dab39-1a68-77e2-9b2d-5e7644843c06,kimberly allen,female,0.79,13,teenager,FR,France,0.84,2026-04-20 14:08:59.496367+00:00
019dab39-1a60-7d1b-8974-b3e3ed9f0e14,laura phillips,female,0.85,65,senior,CA,Canada,0.62,2026-04-20 14:08:59.488803+00:00
019dab39-1a5b-78d3-b252-b7a437acc3ba,abebe nkosi,male,0.9,5,child,UG,Uganda,0.48,2026-04-20 14:08:59.483524+00:00
019dab39-1a54-7e58-b943-eb16de6a1b78,sipho abdi,male,0.97,22,adult,RW,Rwanda,0.79,2026-04-20 14:08:59.476761+00:00
019dab39-1a4d-7595-b014-05324607a1b9,joie obiang,female,0.81,48,adult,CD,DR Congo,0.32,2026-04-20 14:08:59.469825+00:00
019dab39-1a46-7065-879b-69068f662531,barbara adams,female,0.8,33,adult,IN,India,0.91,2026-04-20 14:08:59.462736+00:00
019dab39-1a3f-77d7-bf06-504f90218e22,barbara williams,female,0.88,5,child,US,United States,0.64,2026-04-20 14:08:59.455587+00:00
019dab39-1a3a-73b7-bcfe-e22d9c66fa59,mengistu abdi,male,0.87,86,senior,RW,Rwanda,0.34,2026-04-20 14:08:59.450181+00:00
019dab39-1a34-797e-bc94-66f47ec05498,chidi nwosu,male,0.65,7,child,ML,Mali,0.93,2026-04-20 14:08:59.444782+00:00
019dab39-1a2e-7d52-b8a1-112d9128cfbc,ekow adeyemi,male,0.86,29,adult,GH,Ghana,0.49,2026-04-20 14:08:59.438808+00:00
019dab39-1a27-79f0-b01c-2ddf81e9842a,pierre mboumba,male,0.72,51,adult,CD,DR Congo,0.72,2026-04-20 14:08:59.432049+00:00
019dab39-1a20-7b17-8901-9da3e71148f7,karen williams,female,0.83,64,senior,GB,United Kingdom,0.44,2026-04-20 14:08:59.424496+00:00
019dab39-1a1a-7c04-bb12-f42faaa5ea73,omar filali,male,0.92,17,teenager,MA,Morocco,0.37,2026-04-20 14:08:59.418274+00:00
019dab39-1a12-738a-bf70-b9868c92d68b,hiwot mohamed,female,0.71,43,adult,TZ,Tanzania,0.94,2026-04-20 14:08:59.410247+00:00
019dab39-1a0b-7a34-b4c0-f83d2e52128e,arsène boateng,male,0.77,7,child,GH,Ghana,0.84,2026-04-20 14:08:59.404034+00:00
019dab39-1a07-7c97-8729-c0427b6365bf,peace traoré,female,0.74,70,senior,CI,Côte d'Ivoire,0.84,2026-04-20 14:08:59.399486+00:00
019dab39-1a01-79fc-b915-3fbd3b3a5a38,linda white,female,0.76,90,senior,BR,Brazil,0.77,2026-04-20 14:08:59.393436+00:00
019dab39-19fc-7dde-9919-ca2d29e7819c,araba diallo,female,0.77,53,adult,BJ,Benin,0.68,2026-04-20 14:08:59.388426+00:00
019dab39-19f7-7a0f-bb72-accd5e1f747e,rené bomboko,male,0.78,31,adult,CF,Central African Republic,0.18,2026-04-20 14:08:59.383829+00:00
019dab39-19f2-7144-ada3-436234eab3a7,célestin ping,male,0.72,29,adult,CM,Cameroon,0.42,2026-04-20 14:08:59.378959+00:00
019dab39-19ed-705d-bff8-5117835b9454,kathleen carter,female,0.73,41,adult,BR,Brazil,0.22,2026-04-20 14:08:59.373722+00:00
019dab39-19e8-7a6f-a8e3-97784d8b43d5,rakiya warsame,female,0.87,33,adult,KE,Kenya,0.63,2026-04-20 14:08:59.368269+00:00
019dab39-19e1-7a53-a1f8-fbe9729d8b14,nandi mwangi,female,0.83,24,adult,KE,Kenya,0.74,2026-04-20 14:08:59.361978+00:00
019dab39-19db-70dc-8d2b-9778109f7efc,mutua masondo,male,0.95,61,senior,KE,Kenya,0.17,2026-04-20 14:08:59.355130+00:00
019dab39-19d6-72b1-a7a6-e1acd3691590,ryan campbell,male,0.79,76,senior,US,United States,0.45,2026-04-20 14:08:59.350448+00:00
019dab39-19d0-74e6-abf9-89ddf17de417,yaw zongo,male,0.67,81,senior,ML,Mali,0.57,2026-04-20 14:08:59.344661+00:00
019dab39-19ca-798b-851d-bac7f6c761c7,hassan ali,male,0.68,67,senior,BI,Burundi,0.31,2026-04-20 14:08:59.338758+00:00
019dab39-19c5-7dc0-b15e-a422d3c3c7d2,mark antwi,male,0.96,58,adult,SL,Sierra Leone,0.19,2026-04-20 14:08:59.333562+00:00
019dab39-19c0-7c89-963f-9a57f1dd0597,bienvenu nkoghe,male,0.67,41,adult,CM,Cameroon,0.36,2026-04-20 14:08:59.328698+00:00
019dab39-19ba-7f72-8582-9c124cd8d81a,franck igwe,male,0.98,58,adult,NG,Nigeria,0.44,2026-04-20 14:08:59.322854+00:00
019dab39-19b5-7cbb-92bc-0975c42581c3,nokwanda mohamed,female,0.9,33,adult,RW,Rwanda,0.79,2026-04-20 14:08:59.317868+00:00
019dab39-19b0-774a-8875-8e609a62b92a,jeanne gizenga,female,0.71,25,adult,TD,Chad,0.29,2026-04-20 14:08:59.312214+00:00
019dab39-19aa-7a8c-b903-6371e3f01599,adil amrani,male,0.91,53,adult,TN,Tunisia,0.37,2026-04-20 14:08:59.306726+00:00
019dab39-19a5-7e89-a859-e118c3c21982,bilkisu jama,female,0.9,33,adult,MZ,Mozambique,0.15,2026-04-20 14:08:59.301563+00:00
019dab39-199f-7b62-84ab-6d51841315d5,fatima kettani,female,0.95,13,teenager,SD,Sudan,0.2,2026-04-20 14:08:59.295858+00:00
019dab39-1999-785f-adde-40ee7185556c,kofi babatunde,male,0.74,49,adult,ML,Mali,0.34,2026-04-20 14:08:59.289303+00:00
019dab39-1993-7673-a12a-7734df6a6a55,paul kasavubu,male,0.7,21,adult,CD,DR Congo,0.91,2026-04-20 14:08:59.283718+00:00
019dab39-198d-731f-bbbe-82fa844790b5,rakiya elmi,female,0.93,43,adult,SO,Somalia,0.34,2026-04-20 14:08:59.278083+00:00
019dab39-1988-718d-825e-8d06ecc20a75,hiwot mengistu,female,0.78,53,adult,BI,Burundi,0.51,2026-04-20 14:08:59.272663+00:00
019dab39-1984-717c-9178-14277ec26d83,ekow konaté,male,0.94,29,adult,BJ,Benin,0.6,2026-04-20 14:08:59.268343+00:00
019dab39-197e-7503-9aa3-84d72a01a27b,charles king,male,0.67,27,adult,FR,France,0.55,2026-04-20 14:08:59.263033+00:00
019dab39-1979-7776-8f9d-9f4aadbb27ab,kariuki farah,male,0.88,52,adult,MG,Madagascar,0.89,2026-04-20 14:08:59.257267+00:00
019dab39-1973-770f-97ae-6441a293c046,gilbert amoah,male,0.97,44,adult,CI,Côte d'Ivoire,0.2,2026-04-20 14:08:59.252205+00:00
019dab39-196e-7260-9c59-b9f9c59cbb3f,emeka osei,male,0.86,80,senior,GN,Guinea,0.33,2026-04-20 14:08:59.246954+00:00
019dab39-1969-75fa-8810-806dcdad8796,youssef kettani,male,0.72,8,child,MA,Morocco,0.59,2026-04-20 14:08:59.241841+00:00
019dab39-1965-7bed-9e8a-8f7748ad4ea3,dina lamrani,female,0.89,30,adult,EG,Egypt,0.17,2026-04-20 14:08:59.237467+00:00
019dab39-1961-7b13-be41-18ae8f7deda6,femi agyei,male,0.86,53,adult,EH,Western Sahara,0.42,2026-04-20 14:08:59.233539+00:00
019dab39-195c-7af3-b4f6-fc9d4de26823,farai nkomo,male,0.81,60,senior,ZA,South Africa,0.11,2026-04-20 14:08:59.228825+00:00
019dab39-1957-76c1-9de2-1d6e1c891fff,moussa okafor,male,0.9,8,child,NG,Nigeria,0.36,2026-04-20 14:08:59.223106+00:00
019dab39-1953-7cd3-91d7-921971197920,kwame bah,male,0.88,35,adult,NG,Nigeria,0.9,2026-04-20 14:08:59.219151+00:00
019dab39-194e-75e0-b56b-49abdf8a4fd1,haile odhiambo,male,0.85,10,child,TZ,Tanzania,0.7,2026-04-20 14:08:59.214444+00:00
019dab39-1948-76a0-b3fa-3d019e8093b2,jessica martin,female,0.94,44,adult,US,United States,0.75,2026-04-20 14:08:59.208972+00:00
019dab39-1944-7483-aab3-b712a8d5217e,astou nikiéma,female,0.94,23,adult,GH,Ghana,0.52,2026-04-20 14:08:59.204739+00:00
019dab39-1940-7458-9c9b-b468270be0f9,sizwe nxumalo,male,0.73,37,adult,ZA,South Africa,0.64,2026-04-20 14:08:59.200812+00:00
019dab39-193b-7f61-bbd2-f6949bbfffcf,mwangi desta,male,0.71,90,senior,MW,Malawi,0.44,2026-04-20 14:08:59.196014+00:00
019dab39-1935-78aa-884f-8742605e087b,shamiso sibanda,female,0.98,9,child,AO,Angola,0.5,2026-04-20 14:08:59.189910+00:00
019dab39-1930-735f-83d5-998807a96e58,thabo mthembu,male,0.79,52,adult,MU,Mauritius,0.68,2026-04-20 14:08:59.184455+00:00
019dab39-192a-78a2-8d09-7a4593a70ba8,fatima filali,female,0.84,34,adult,DZ,Algeria,0.59,2026-04-20 14:08:59.178409+00:00
019dab39-1924-7c9e-966b-0a1d91a6efd0,mariama keïta,female,0.91,40,adult,NG,Nigeria,0.64,2026-04-20 14:08:59.172512+00:00
019dab39-191f-7e6a-be7b-8a6b48a9f52d,odhiambo otieno,male,0.72,14,teenager,MU,Mauritius,0.15,2026-04-20 14:08:59.167632+00:00
019dab39-191a-7dce-8c9a-274d6c491cc5,rim kettani,female,0.69,21,adult,MA,Morocco,0.9,2026-04-20 14:08:59.162561+00:00
019dab39-1913-76c3-9d42-2afee21e574c,bayo okonkwo,male,0.79,45,adult,BJ,Benin,0.38,2026-04-20 14:08:59.155566+00:00
019dab39-190c-7cdb-8809-f8497751b4c7,rudo khumalo,male,0.74,11,child,ZM,Zambia,0.18,2026-04-20 14:08:59.148843+00:00
019dab39-1905-7627-bb40-4889f2b4fbb9,dina el fassi,female,0.96,83,senior,EG,Egypt,0.19,2026-04-20 14:08:59.141199+00:00
019dab39-18fd-7bad-9fab-979efafbd213,themba mthembu,male,0.85,58,adult,KE,Kenya,0.12,2026-04-20 14:08:59.133894+00:00
019dab39-18f5-7b46-b551-22c0cdd3f1ad,djeneba agbodji,female,0.77,5,child,NG,Nigeria,0.39,2026-04-20 14:08:59.125334+00:00
019dab39-18ed-7099-a442-0c4fbd9e2221,linda edwards,female,0.67,59,adult,FR,France,0.21,2026-04-20 14:08:59.117422+00:00
019dab39-18e6-734e-8838-4166e09f421b,parfait mobutu,male,0.84,40,adult,CD,DR Congo,0.26,2026-04-20 14:08:59.110216+00:00
019dab39-18e0-7055-8e8a-d29f3c414826,tendai otieno,male,0.89,85,senior,ET,Ethiopia,0.28,2026-04-20 14:08:59.104355+00:00
019dab39-18db-73b0-a8b3-aad9ccec514e,sara kettani,female,0.84,28,adult,MA,Morocco,0.89,2026-04-20 14:08:59.099289+00:00
019dab39-18d4-7552-9b9e-8c792160ccb5,fatoumata nwosu,female,0.79,83,senior,GH,Ghana,0.35,2026-04-20 14:08:59.092991+00:00
019dab39-18cf-7aff-ad18-ac1d5dc9167f,bongiwe ndebele,female,0.7,30,adult,ZA,South Africa,0.4,2026-04-20 14:08:59.087834+00:00
019dab39-18ca-77aa-b0b4-de2c3a8ade9c,bongani mwangi,male,0.94,41,adult,KM,Comoros,0.31,2026-04-20 14:08:59.082783+00:00
019dab39-18c5-7235-86d0-0d05e9a2dd2c,théodore okonkwo,male,0.82,67,senior,CI,Côte d'Ivoire,0.74,2026-04-20 14:08:59.077830+00:00
019dab39-18bf-7925-9993-b46c7ae331a8,chipo nxumalo,female,0.74,6,child,ST,São Tomé and Príncipe,0.56,2026-04-20 14:08:59.071924+00:00
019dab39-18ba-7572-976c-80d719f2b0dc,paul king,male,0.84,28,adult,FR,France,0.85,2026-04-20 14:08:59.066672+00:00
019dab39-18b5-712a-acf5-9b028485036e,tebogo nxumalo,male,0.83,37,adult,ZW,Zimbabwe,0.51,2026-04-20 14:08:59.061644+00:00
019dab39-18af-73d8-b7f5-bee9baa92ba8,gary davis,male,0.67,85,senior,FR,France,0.49,2026-04-20 14:08:59.055829+00:00
019dab39-18aa-7943-a2b5-fc5f5fb3acf6,joseph martin,male,0.89,43,adult,GB,United Kingdom,0.48,2026-04-20 14:08:59.051043+00:00
019dab39-18a6-7921-97b6-26fac66d446b,wanja achieng,female,0.84,12,child,TZ,Tanzania,0.18,2026-04-20 14:08:59.046395+00:00
019dab39-18a0-7256-9a66-bd4f6813d590,mengistu tesfaye,male,0.83,7,child,KE,Kenya,0.85,2026-04-20 14:08:59.040269+00:00
019dab39-189b-74ba-86f9-18c6bc3e3365,chérie nguema,female,0.92,23,adult,CM,Cameroon,0.79,2026-04-20 14:08:59.035302+00:00
019dab39-1895-7097-a6a4-ebb79317bac8,zulai mnguni,female,0.87,33,adult,UG,Uganda,0.65,2026-04-20 14:08:59.029963+00:00
019dab39-188f-7560-8721-13f185d0aa0b,bayo antwi,male,0.98,74,senior,NG,Nigeria,0.55,2026-04-20 14:08:59.024093+00:00
019dab39-188a-7e9a-8e42-eb056fe6fa96,themba odhiambo,male,0.98,72,senior,UG,Uganda,0.57,2026-04-20 14:08:59.019089+00:00
019dab39-1886-712e-8fc3-85da8b892a85,khaled rachidi,male,0.72,44,adult,EG,Egypt,0.18,2026-04-20 14:08:59.014355+00:00
019dab39-1880-7b63-a52c-df958434037d,tinashe mthembu,male,0.71,40,adult,ZW,Zimbabwe,0.57,2026-04-20 14:08:59.008776+00:00
019dab39-187b-76f0-b063-00aec9d2d377,rania amrani,female,0.97,30,adult,EG,Egypt,0.94,2026-04-20 14:08:59.003918+00:00
019dab39-1876-700d-a463-64a8d8dca202,joseph thompson,male,0.85,43,adult,BR,Brazil,0.89,2026-04-20 14:08:58.998869+00:00
019dab39-1872-7fc3-abc1-759f02de81b2,youssef berrada,male,0.77,70,senior,EG,Egypt,0.87,2026-04-20 14:08:58.994323+00:00
019dab39-186b-7349-b906-ac7be8fa016b,emeka camara,male,0.85,38,adult,NG,Nigeria,0.6,2026-04-20 14:08:58.988076+00:00
019dab39-1866-7b2b-9851-1b4879fc149e,ifeoma tapsoba,female,0.95,70,senior,GH,Ghana,0.34,2026-04-20 14:08:58.982488+00:00
019dab39-185f-7014-904f-50a3f1324eb6,hafsat mengistu,female,0.82,34,adult,KE,Kenya,0.5,2026-04-20 14:08:58.975956+00:00
019dab39-185b-73c5-b29b-fd9c416baff5,charles white,male,0.96,82,senior,IN,India,0.63,2026-04-20 14:08:58.971178+00:00
019dab39-1855-75e9-85ca-c17703c5ea42,sarah miller,female,0.97,12,child,DE,Germany,0.16,2026-04-20 14:08:58.966080+00:00
019dab39-1850-78d4-ac29-85393556b10d,margaret mitchell,female,0.71,36,adult,FR,France,0.24,2026-04-20 14:08:58.960855+00:00
019dab39-184b-75c9-8a91-572ecc0be836,daniel carter,male,0.84,63,senior,IN,India,0.31,2026-04-20 14:08:58.955666+00:00
019dab39-1846-7766-86d4-0c3b76cb23a0,paul green,male,0.86,55,adult,GB,United Kingdom,0.55,2026-04-20 14:08:58.950639+00:00
019dab39-1842-7ed6-9146-ad4c548a3556,mamadou nikiéma,male,0.85,58,adult,GH,Ghana,0.47,2026-04-20 14:08:58.946797+00:00
019dab39-183d-7931-8761-d1b8e8484283,njoroge shabalala,male,0.76,14,teenager,DJ,Djibouti,0.16,2026-04-20 14:08:58.941869+00:00
019dab39-1839-7838-adf8-cdce3648a6f6,cynthia smith,female,0.66,30,adult,GB,United Kingdom,0.19,2026-04-20 14:08:58.937739+00:00
019dab39-1834-7ee4-b079-e8ad861507f6,nandi nxumalo,female,0.86,68,senior,ZA,South Africa,0.28,2026-04-20 14:08:58.933085+00:00
019dab39-182f-778a-a165-0869b8632301,edward garcia,male,0.82,46,adult,IN,India,0.69,2026-04-20 14:08:58.927762+00:00
019dab39-1829-7b3b-ada9-9109e2029a7e,kwame igwe,male,0.8,28,adult,GH,Ghana,0.27,2026-04-20 14:08:58.922077+00:00
019dab39-1824-7423-8a38-a32fc2f32138,sara alaoui,female,0.89,22,adult,DZ,Algeria,0.38,2026-04-20 14:08:58.916686+00:00
019dab39-181e-7f12-ab33-6eadbb40d3d1,zanele waweru,female,0.92,40,adult,UG,Uganda,0.5,2026-04-20 14:08:58.910443+00:00
019dab39-1819-7231-bb61-77148fe93931,john anderson,male,0.72,17,teenager,FR,France,0.54,2026-04-20 14:08:58.905716+00:00
019dab39-1815-779f-8e7e-97d83b161ede,yusuf tadesse,male,0.77,18,teenager,KE,Kenya,0.62,2026-04-20 14:08:58.901264+00:00
019dab39-1810-732b-b867-0e9a6096d7b2,bayo diallo,male,0.83,9,child,NG,Nigeria,0.45,2026-04-20 14:08:58.896607+00:00
019dab39-180a-783d-b4fa-e8064cf0dead,melissa parker,female,0.97,14,teenager,US,United States,0.21,2026-04-20 14:08:58.890911+00:00
019dab39-1806-73d5-8acb-f78858ab261b,paul tapsoba,male,0.8,18,teenager,NG,Nigeria,0.65,2026-04-20 14:08:58.886546+00:00
019dab39-1802-73d0-b858-d49f2483d5db,john davis,male,0.99,38,adult,FR,France,0.57,2026-04-20 14:08:58.882176+00:00
019dab39-17fc-7237-806b-d87f16d4962a,kagiso sibanda,male,0.98,29,adult,ZA,South Africa,0.75,2026-04-20 14:08:58.876667+00:00
019dab39-17f8-763a-9ba8-bf719f0bb618,barbara edwards,female,0.75,16,teenager,DE,Germany,0.39,2026-04-20 14:08:58.872298+00:00
019dab39-17f3-7ac2-9dc7-76f78e93ab16,rania lamrani,female,0.72,33,adult,EG,Egypt,0.59,2026-04-20 14:08:58.867717+00:00
019dab39-17ee-7034-b8ef-3300b7685b41,tadesse tadesse,male,0.96,63,senior,ET,Ethiopia,0.16,2026-04-20 14:08:58.862441+00:00
019dab39-17e8-7b8c-9770-d50b68767b07,joy okafor,female,0.7,27,adult,GH,Ghana,0.62,2026-04-20 14:08:58.857008+00:00
019dab39-17e3-740d-b300-ea3b9285c086,théophile ondimba,male,0.92,16,teenager,CM,Cameroon,0.88,2026-04-20 14:08:58.851977+00:00
019dab39-17de-784e-8566-a1d58e46e89a,betty davis,female,0.85,14,teenager,BR,Brazil,0.57,2026-04-20 14:08:58.847124+00:00
019dab39-17d8-79de-9f84-82fc463e31a4,tesfaye desta,male,0.84,29,adult,KE,Kenya,0.2,2026-04-20 14:08:58.840772+00:00
019dab39-17d2-7270-a915-7346b2637522,joy afolabi,female,0.95,56,adult,NG,Nigeria,0.14,2026-04-20 14:08:58.835112+00:00
019dab39-17cb-7985-b7ee-537f94ad48f7,ade ouédraogo,male,0.77,12,child,SN,Senegal,0.18,2026-04-20 14:08:58.828082+00:00
019dab39-17c4-7ef4-88a2-493e2503fef3,bongiwe nkosi,female,0.83,28,adult,ZA,South Africa,0.62,2026-04-20 14:08:58.820751+00:00
019dab39-17bf-74ac-8142-7c047c1766dc,astou dossou,female,0.84,89,senior,NG,Nigeria,0.7,2026-04-20 14:08:58.815541+00:00
019dab39-17b8-7ddb-87d0-306fd8436a42,astou boateng,female,0.72,34,adult,NE,Niger,0.75,2026-04-20 14:08:58.808658+00:00
019dab39-17b2-7151-bc98-f7b472d06754,calixte mensah,male,0.72,56,adult,SN,Senegal,0.31,2026-04-20 14:08:58.802254+00:00
019dab39-17a9-7731-8551-332dad21c144,mpho mthembu,male,0.7,15,teenager,BW,Botswana,0.57,2026-04-20 14:08:58.794094+00:00
019dab39-17a2-7f37-a194-b16bd5d12259,amanda martin,female,0.77,28,adult,US,United States,0.55,2026-04-20 14:08:58.786762+00:00
019dab39-179c-7997-8745-fdd927b31249,louise lumumba,female,0.91,33,adult,CG,Republic of the Congo,0.49,2026-04-20 14:08:58.780557+00:00
019dab39-1795-7e33-a302-fe3c403c521b,abdou nikiéma,male,0.69,21,adult,NG,Nigeria,0.28,2026-04-20 14:08:58.773163+00:00
019dab39-1790-7fa5-8be3-6eeea1049c1d,samuel sidibé,male,0.86,68,senior,NG,Nigeria,0.39,2026-04-20 14:08:58.768203+00:00
019dab39-178b-7f87-852f-fb5f3ffacefb,tebogo sibanda,male,0.86,36,adult,LS,Lesotho,0.26,2026-04-20 14:08:58.763395+00:00
019dab39-1785-7b1e-b8d3-b8599ffde4c9,ekow adomou,male,0.89,46,adult,SN,Senegal,0.28,2026-04-20 14:08:58.757780+00:00
019dab39-1780-7650-a7fc-c7924e199402,thandeka mohamed,female,0.77,44,adult,KE,Kenya,0.34,2026-04-20 14:08:58.752863+00:00
019dab39-177b-7929-bcf6-ea53167dd959,segun osei,male,0.69,56,adult,GN,Guinea,0.13,2026-04-20 14:08:58.748070+00:00
019dab39-1776-7aff-a2c1-ba790c80731e,timothy davis,male,0.89,24,adult,GB,United Kingdom,0.5,2026-04-20 14:08:58.742473+00:00
019dab39-1772-7d2a-b832-89dc4948594b,john jones,male,0.73,15,teenager,GB,United Kingdom,0.8,2026-04-20 14:08:58.738301+00:00
019dab39-176d-7300-8111-7b3650697598,mpho ncube,male,0.72,14,teenager,BW,Botswana,0.8,2026-04-20 14:08:58.733764+00:00
019dab39-1767-7a6a-867e-f318f1cc84d9,anthony carter,male,0.8,32,adult,AU,Australia,0.81,2026-04-20 14:08:58.728024+00:00
019dab39-1762-75ee-96e1-d577d54d804a,akinyi mengistu,female,0.7,30,adult,TZ,Tanzania,0.28,2026-04-20 14:08:58.722540+00:00
019dab39-175d-7df2-acbb-2d4dd755d40a,véronique ping,female,0.75,72,senior,GA,Gabon,0.59,2026-04-20 14:08:58.717530+00:00
019dab39-1758-7694-bec1-0861d992431f,thandeka ahmed,female,0.65,27,adult,TZ,Tanzania,0.84,2026-04-20 14:08:58.712568+00:00
019dab39-1753-72cd-af11-4bf027f0471e,jennifer phillips,female,0.91,54,adult,FR,France,0.94,2026-04-20 14:08:58.707801+00:00
019dab39-1750-7a2a-a9e9-8d1a7e2d8a03,tebogo shabalala,male,0.89,23,adult,SZ,Eswatini,0.51,2026-04-20 14:08:58.704170+00:00
019dab39-174b-7301-a60f-9118cfbe45c9,almaz girma,female,0.7,10,child,KE,Kenya,0.72,2026-04-20 14:08:58.699909+00:00
019dab39-1746-72b3-b6f1-a465ff08c174,mark segla,male,0.93,47,adult,ML,Mali,0.57,2026-04-20 14:08:58.695131+00:00
019dab39-1740-76cc-bd66-c9e0a96ad118,cheikh owusu,male,0.91,9,child,NG,Nigeria,0.21,2026-04-20 14:08:58.689066+00:00
019dab39-173c-7da7-b5a9-74fad040a938,susan davis,female,0.68,10,child,CA,Canada,0.18,2026-04-20 14:08:58.684877+00:00
019dab39-1738-7d88-a186-9b4515a6809f,karen anderson,female,0.7,41,adult,US,United States,0.46,2026-04-20 14:08:58.680828+00:00
019dab39-1733-7134-840a-532014552399,clarisse afolabi,female,0.74,58,adult,GH,Ghana,0.39,2026-04-20 14:08:58.675144+00:00
019dab39-172e-7929-be7e-f80039234ac1,dina chraibi,female,0.68,31,adult,EG,Egypt,0.73,2026-04-20 14:08:58.670969+00:00
019dab39-1729-7afb-ad31-46010e111c89,bethlehem adhiambo,female,0.69,26,adult,TZ,Tanzania,0.9,2026-04-20 14:08:58.665717+00:00
019dab39-1723-7679-8cfe-49569011af7c,steven taylor,male,0.79,22,adult,AU,Australia,0.34,2026-04-20 14:08:58.660136+00:00
019dab39-171f-7f46-988e-828342305905,linda roberts,female,0.76,80,senior,DE,Germany,0.3,2026-04-20 14:08:58.655220+00:00
019dab39-171a-7962-8748-ed87c8d3438d,takudzwa nyoni,male,0.81,79,senior,ZW,Zimbabwe,0.12,2026-04-20 14:08:58.650854+00:00
019dab39-1716-7db1-8544-eaec1b05326f,rené lumumba,male,0.8,44,adult,GA,Gabon,0.42,2026-04-20 14:08:58.646463+00:00
019dab39-1710-7f4c-9a1d-4a70a93a50ee,david tchalla,male,0.68,79,senior,CI,Côte d'Ivoire,0.16,2026-04-20 14:08:58.640194+00:00
019dab39-170b-7707-a3f9-79b5902c693b,thandiwe khumalo,female,0.97,34,adult,LS,Lesotho,0.23,2026-04-20 14:08:58.635645+00:00
019dab39-1706-724c-ad21-412d3687d58b,kadiatou darko,female,0.83,24,adult,SN,Senegal,0.56,2026-04-20 14:08:58.630966+00:00
019dab39-16fc-7f74-ac9c-ec52dda2e9a5,yaw traoré,male,0.83,34,adult,GH,Ghana,0.18,2026-04-20 14:08:58.621087+00:00
019dab39-16f4-7ab6-a9f1-742ee7dc7a8a,kadiatou agbodji,female,0.76,25,adult,ML,Mali,0.44,2026-04-20 14:08:58.612869+00:00
019dab39-16ed-75ce-9aa2-fa34259756db,lerato nyoni,male,0.92,39,adult,ZW,Zimbabwe,0.85,2026-04-20 14:08:58.606124+00:00
019dab39-16e8-7fcd-b1f8-7d4b7cf08ed0,rakiya farah,female,0.84,52,adult,ET,Ethiopia,0.34,2026-04-20 14:08:58.600562+00:00
019dab39-16de-70a3-8079-204f876121ab,zulai kamau,female,0.76,6,child,ET,Ethiopia,0.12,2026-04-20 14:08:58.590945+00:00
019dab39-16d9-791c-8045-c5ac3471643d,claire ping,female,0.91,36,adult,CM,Cameroon,0.37,2026-04-20 14:08:58.586171+00:00
019dab39-16d5-7688-b0ee-9000cad65527,laura nguyen,female,0.77,59,adult,AU,Australia,0.31,2026-04-20 14:08:58.581720+00:00
019dab39-16cf-7ec4-82d9-afd0ef209a09,youssef saidi,male,0.78,27,adult,EG,Egypt,0.6,2026-04-20 14:08:58.575800+00:00
019dab39-16cb-77bc-aa2a-83575731553e,grâce konaté,female,0.99,14,teenager,BJ,Benin,0.57,2026-04-20 14:08:58.571187+00:00
019dab39-16c3-7a80-bfaf-d574ca82c291,akinyi warsame,female,0.7,6,child,KE,Kenya,0.27,2026-04-20 14:08:58.564058+00:00
019dab39-16bd-7628-8a9c-030a3898cb2f,véronique eyeghe,female,0.92,81,senior,CM,Cameroon,0.21,2026-04-20 14:08:58.557810+00:00
019dab39-16b6-7301-b05a-a6b07650571c,samuel owusu,male,0.69,38,adult,CI,Côte d'Ivoire,0.89,2026-04-20 14:08:58.550738+00:00
019dab39-16b0-71df-bf32-cae07e95ff76,daniel nguyen,male,0.67,44,adult,IN,India,0.88,2026-04-20 14:08:58.544545+00:00
019dab39-16a9-7ce7-b5c3-845d01b27c0a,kwame amoah,male,0.76,26,adult,NG,Nigeria,0.21,2026-04-20 14:08:58.537908+00:00
019dab39-16a3-7464-9037-597747524af5,fatima khalil,female,0.68,8,child,MA,Morocco,0.94,2026-04-20 14:08:58.531523+00:00
019dab39-169d-734e-b628-a5cace1e8986,ouma jama,male,0.93,6,child,MZ,Mozambique,0.26,2026-04-20 14:08:58.525664+00:00
019dab39-1699-74a6-aaa1-d30b0c8868ba,abebe khumalo,male,0.68,46,adult,KE,Kenya,0.26,2026-04-20 14:08:58.521487+00:00
019dab39-1694-744e-97fa-5685e35f3b9c,lina bouazza,female,0.72,68,senior,SD,Sudan,0.83,2026-04-20 14:08:58.517097+00:00
019dab39-168f-7edb-8339-fde32b9b8169,lamine dao,male,0.92,51,adult,NG,Nigeria,0.7,2026-04-20 14:08:58.511697+00:00
019dab39-168a-749b-9507-4839b3d5c77c,rené ping,male,0.98,25,adult,CM,Cameroon,0.25,2026-04-20 14:08:58.506228+00:00
019dab39-1685-74b0-aa02-3aff52f27e3b,franck okafor,male,0.77,73,senior,NG,Nigeria,0.49,2026-04-20 14:08:58.501849+00:00
019dab39-1680-7853-9b03-7ccff692a82e,ndéye darko,female,0.97,52,adult,NG,Nigeria,0.39,2026-04-20 14:08:58.497086+00:00
019dab39-167a-7084-94ac-324b9f412ce7,lina khatib,female,0.94,15,teenager,SD,Sudan,0.59,2026-04-20 14:08:58.490831+00:00
019dab39-1674-72eb-a2f6-9d73432f3d2a,getachew haile,male,0.89,39,adult,TZ,Tanzania,0.17,2026-04-20 14:08:58.485117+00:00
019dab39-166e-7477-98b6-b203dd95bcf9,ghita bouazza,female,0.92,49,adult,MA,Morocco,0.85,2026-04-20 14:08:58.478857+00:00
019dab39-166a-753f-8ec1-da9654038dce,florentine zongo,female,0.83,88,senior,NG,Nigeria,0.57,2026-04-20 14:08:58.474442+00:00
019dab39-1666-776e-b5c5-d9afab8f4fdd,farai ndebele,male,0.73,44,adult,ZA,South Africa,0.59,2026-04-20 14:08:58.470311+00:00
019dab39-1661-7705-b754-0ee35968a1b1,melissa campbell,female,0.91,36,adult,CN,China,0.46,2026-04-20 14:08:58.465909+00:00
019dab39-165b-7e2a-a10c-7be16df370ab,hassan bouazza,male,0.85,7,child,EG,Egypt,0.46,2026-04-20 14:08:58.459814+00:00
019dab39-1656-7507-871e-b83feb7da4bc,mengistu ndlovu,male,0.86,21,adult,KE,Kenya,0.61,2026-04-20 14:08:58.454186+00:00
019dab39-1651-7dfb-8486-0778aba77f70,lindiwe masondo,female,0.91,27,adult,ZM,Zambia,0.4,2026-04-20 14:08:58.449741+00:00
019dab39-164c-7659-9089-dfb188b3f388,mohamed kettani,male,0.82,16,teenager,MA,Morocco,0.78,2026-04-20 14:08:58.444549+00:00
019dab39-1647-7859-87a7-76ffadd5a8f7,lisa nelson,female,0.85,56,adult,BR,Brazil,0.24,2026-04-20 14:08:58.439301+00:00
019dab39-1643-7adb-b0f0-3b99f76fe8f5,laura brown,female,0.7,6,child,IN,India,0.13,2026-04-20 14:08:58.435322+00:00
019dab39-163e-7b61-b52d-8c6d9af9a228,themba ndlovu,male,0.93,18,teenager,ST,São Tomé and Príncipe,0.43,2026-04-20 14:08:58.431075+00:00
019dab39-1639-73d4-b478-5ec3ca54f64a,mumbi mengistu,female,0.71,7,child,SS,South Sudan,0.81,2026-04-20 14:08:58.425615+00:00
019dab39-1635-7bd7-8d59-9d9d6dc070c2,daniel osei,male,0.94,38,adult,BJ,Benin,0.21,2026-04-20 14:08:58.421710+00:00
019dab39-1631-732d-b59b-5d9e6b62c2f7,tinashe dlamini,male,0.96,80,senior,SZ,Eswatini,0.46,2026-04-20 14:08:58.417681+00:00
019dab39-162d-7d6d-9a69-c560fb3410cc,sekai mthembu,female,0.99,44,adult,NA,Namibia,0.67,2026-04-20 14:08:58.413275+00:00
019dab39-1628-7e62-a90f-8286bc632e10,thomas green,male,0.95,50,adult,JP,Japan,0.87,2026-04-20 14:08:58.408345+00:00
019dab39-1623-7ad5-a8f6-aa300b22964c,tesfaye njoroge,male,0.73,13,teenager,KE,Kenya,0.52,2026-04-20 14:08:58.403636+00:00
019dab39-161d-701e-a8ca-a1d424e80e5d,mutua desta,male,0.7,8,child,KE,Kenya,0.16,2026-04-20 14:08:58.398100+00:00
019dab39-1618-7eea-b927-59abd248c136,sipho mhlanga,male,0.71,56,adult,AO,Angola,0.12,2026-04-20 14:08:58.392146+00:00
019dab39-1613-7698-a52e-2216e108d34c,linda turner,female,0.8,9,child,US,United States,0.28,2026-04-20 14:08:58.387459+00:00
019dab39-160e-7ecc-a856-f505f20d15ae,ebo hounsou,male,0.87,81,senior,GH,Ghana,0.75,2026-04-20 14:08:58.382202+00:00
019dab39-1609-724f-bd97-314d4e2a8499,parfait kabila,male,0.97,59,adult,CF,Central African Republic,0.45,2026-04-20 14:08:58.377288+00:00
019dab39-1603-7c63-b7cd-5e3a85f8b0a2,mpho khumalo,male,0.89,70,senior,ET,Ethiopia,0.32,2026-04-20 14:08:58.372010+00:00
019dab39-15fd-77d4-b26c-6d51ef8a7618,jessica adams,female,0.65,42,adult,US,United States,0.84,2026-04-20 14:08:58.366162+00:00
019dab39-15f6-76e7-8144-89e857f281c0,blessing asante,female,0.94,78,senior,ML,Mali,0.58,2026-04-20 14:08:58.358711+00:00
019dab39-15f0-7dfb-9001-71a32892348e,kwame dossou,male,0.76,19,teenager,GH,Ghana,0.71,2026-04-20 14:08:58.352226+00:00
019dab39-15ea-7d9c-8bb2-e1de25ec9eb1,farah nxumalo,male,0.67,11,child,ER,Eritrea,0.85,2026-04-20 14:08:58.346813+00:00
019dab39-15e3-70a7-b16a-036fba60668f,halima tesfaye,female,0.7,24,adult,TZ,Tanzania,0.72,2026-04-20 14:08:58.339810+00:00
019dab39-15de-75e7-9d1f-3cd86ab30abd,hyacinthe kalonji,male,0.83,51,adult,GA,Gabon,0.17,2026-04-20 14:08:58.334875+00:00
019dab39-15d8-707e-bbae-bc4ac45ab950,jennifer allen,female,0.92,43,adult,IN,India,0.64,2026-04-20 14:08:58.328805+00:00
019dab39-15d3-7a99-934f-b8493fac0564,desta bekele,male,0.89,7,child,ET,Ethiopia,0.36,2026-04-20 14:08:58.323903+00:00
019dab39-15cf-7e62-b478-72570355dd7a,pierre tshisekedi,male,0.71,62,senior,GA,Gabon,0.63,2026-04-20 14:08:58.319866+00:00
019dab39-15cb-776a-b18e-d04ae770e5ae,mekdes masondo,female,0.96,44,adult,ET,Ethiopia,0.72,2026-04-20 14:08:58.315379+00:00
019dab39-15c7-7e12-b795-e25eb9057f92,ikram amrani,female,0.92,41,adult,SD,Sudan,0.9,2026-04-20 14:08:58.311367+00:00
019dab39-15c2-718a-b277-4e16b2a08d78,florentine lokossou,female,0.82,18,teenager,GN,Guinea,0.6,2026-04-20 14:08:58.306816+00:00
019dab39-15be-7079-8013-92f44d1316f6,themba otieno,male,0.95,86,senior,RW,Rwanda,0.47,2026-04-20 14:08:58.302443+00:00
019dab39-15ba-7c7d-b5eb-227392fe1732,marguerite bongo,female,0.8,31,adult,GA,Gabon,0.13,2026-04-20 14:08:58.298340+00:00
019dab39-15b5-7bd9-96e5-21844bfd54f2,ghita khalil,female,0.72,51,adult,MA,Morocco,0.31,2026-04-20 14:08:58.293277+00:00
019dab39-15b0-7935-a1fa-6494f56876b1,tinashe nkomo,male,0.96,89,senior,ZM,Zambia,0.12,2026-04-20 14:08:58.288923+00:00
019dab39-15ac-79d6-9903-1c974adfddcf,kofi sawadogo,male,0.85,38,adult,GN,Guinea,0.48,2026-04-20 14:08:58.284698+00:00
019dab39-15a7-7668-9ee4-e9df7ea167f5,kamau mwangi,male,0.9,58,adult,KE,Kenya,0.69,2026-04-20 14:08:58.279914+00:00
019dab39-15a2-7136-8580-74d93bcafe84,njoroge abdi,male,0.88,31,adult,ET,Ethiopia,0.47,2026-04-20 14:08:58.274208+00:00
019dab39-159c-76b5-bad3-5b24b8d8e39e,auxilia khumalo,female,0.91,50,adult,AO,Angola,0.24,2026-04-20 14:08:58.268816+00:00
019dab39-1597-701d-a9c4-e44ce2dfd92a,lindiwe odhiambo,female,0.95,29,adult,BI,Burundi,0.14,2026-04-20 14:08:58.263434+00:00
019dab39-1591-708f-aed3-d806c70ef628,njeri warsame,female,0.72,43,adult,UG,Uganda,0.42,2026-04-20 14:08:58.257409+00:00
019dab39-158b-7600-a0b1-27724eb59de7,edward young,male,0.67,89,senior,CN,China,0.38,2026-04-20 14:08:58.252029+00:00
019dab39-1586-7724-ba43-419e9b870b86,munashe nxumalo,male,0.82,25,adult,ZW,Zimbabwe,0.93,2026-04-20 14:08:58.246670+00:00
019dab39-1581-736d-9442-143b9137a8e5,véronique nze,female,0.91,52,adult,TD,Chad,0.19,2026-04-20 14:08:58.241679+00:00
019dab39-157d-7d7c-8c68-64b89e740adc,favour eze,female,0.83,48,adult,SN,Senegal,0.47,2026-04-20 14:08:58.237934+00:00
019dab39-157a-73e2-8399-2f154ee3b65f,yaw okafor,male,0.79,26,adult,SN,Senegal,0.88,2026-04-20 14:08:58.234124+00:00
019dab39-1575-77e9-a49c-365874216766,abdou segla,male,0.65,21,adult,GM,Gambia,0.76,2026-04-20 14:08:58.229614+00:00
019dab39-156f-721b-8840-007d14273c6a,grâce segla,female,0.7,83,senior,BJ,Benin,0.33,2026-04-20 14:08:58.223114+00:00
019dab39-156a-7126-b22c-0ab17e70e8d3,mpho nxumalo,male,0.88,59,adult,ZA,South Africa,0.7,2026-04-20 14:08:58.218954+00:00
019dab39-1566-7740-ad3f-e13a11653ad7,kevin evans,male,0.88,25,adult,DE,Germany,0.58,2026-04-20 14:08:58.214594+00:00
019dab39-1562-7e5c-8065-e56369d31947,girma alemu,male,0.91,88,senior,ET,Ethiopia,0.92,2026-04-20 14:08:58.210366+00:00
019dab39-155d-7fd2-b148-fdd341af0c46,takoda ali,male,0.76,41,adult,KE,Kenya,0.63,2026-04-20 14:08:58.205768+00:00
019dab39-1559-7437-ba91-f8ab21203594,thabo sibanda,male,0.98,35,adult,ZA,South Africa,0.95,2026-04-20 14:08:58.201692+00:00
019dab39-1555-795a-abda-0126b964d6be,sekai mnguni,female,0.89,57,adult,AO,Angola,0.35,2026-04-20 14:08:58.197717+00:00
019dab39-1550-7561-b2bf-9ae44eda6990,hassan desta,male,0.81,84,senior,MG,Madagascar,0.69,2026-04-20 14:08:58.192977+00:00
019dab39-154c-7ad3-b2fa-4cb8415a659b,peace asante,female,0.87,38,adult,NG,Nigeria,0.29,2026-04-20 14:08:58.188659+00:00
019dab39-1548-72bf-afbb-fb2d75a92591,aimée bomboko,female,0.86,70,senior,CM,Cameroon,0.82,2026-04-20 14:08:58.184329+00:00
019dab39-1544-78f1-bbda-32bbce847494,ngozi okafor,female,0.91,41,adult,NG,Nigeria,0.8,2026-04-20 14:08:58.180239+00:00
019dab39-153e-76e1-a991-e45601fc7ce4,charles green,male,0.68,32,adult,IN,India,0.61,2026-04-20 14:08:58.174629+00:00
019dab39-153a-7a1d-b891-c32785156a6c,rim khalil,female,0.72,22,adult,TN,Tunisia,0.82,2026-04-20 14:08:58.170432+00:00
019dab39-1535-7b99-a94c-7af162e7cd67,hauwa ouma,female,0.98,15,teenager,RW,Rwanda,0.13,2026-04-20 14:08:58.166036+00:00
019dab39-1530-772b-84b3-3044a68f43de,bilkisu nkosi,female,0.68,59,adult,SS,South Sudan,0.43,2026-04-20 14:08:58.161052+00:00
019dab39-152a-788e-b687-bf115ad45b60,mariama asante,female,0.79,28,adult,BJ,Benin,0.45,2026-04-20 14:08:58.154752+00:00
019dab39-1525-7675-830e-072f31ab8249,farah tesfaye,male,0.78,55,adult,KE,Kenya,0.45,2026-04-20 14:08:58.149906+00:00
019dab39-1521-7736-81e7-3ca0fa29a1de,edward nguyen,male,0.83,25,adult,US,United States,0.67,2026-04-20 14:08:58.145953+00:00
019dab39-151d-746f-b2e3-3f712ec97379,sadiya ouma,female,0.8,26,adult,ER,Eritrea,0.53,2026-04-20 14:08:58.141245+00:00
019dab39-1519-76ec-9de1-fdfa75e2e61d,femi hounsou,male,0.74,36,adult,BJ,Benin,0.9,2026-04-20 14:08:58.137300+00:00
019dab39-1515-75be-a3dd-cca09ef10280,paul wright,male,0.75,30,adult,CN,China,0.75,2026-04-20 14:08:58.133351+00:00
019dab39-1511-751c-b9b2-e9cbce1adeb5,ali mnguni,male,0.82,7,child,KE,Kenya,0.49,2026-04-20 14:08:58.129436+00:00
019dab39-150c-7e1b-aa0b-3f1faa3b31dc,fanta mensah,female,0.71,48,adult,EH,Western Sahara,0.71,2026-04-20 14:08:58.124787+00:00
019dab39-1508-7d96-913b-64df17b48512,yeshi shabalala,female,0.97,22,adult,SS,South Sudan,0.35,2026-04-20 14:08:58.120278+00:00
019dab39-1503-78e4-b259-fd0195c1ddc2,nancy thomas,female,0.88,5,child,IN,India,0.46,2026-04-20 14:08:58.116070+00:00
019dab39-14fe-736f-9111-cf41de75365b,lamine afolabi,male,0.87,43,adult,GH,Ghana,0.74,2026-04-20 14:08:58.111171+00:00
019dab39-14f9-7702-9408-cfc845823ce0,rudo moyo,female,0.86,45,adult,ZM,Zambia,0.87,2026-04-20 14:08:58.105392+00:00
019dab39-14f4-7db6-8a8b-03d41a5b84d9,tinashe dube,male,0.86,36,adult,SZ,Eswatini,0.83,2026-04-20 14:08:58.100658+00:00
019dab39-14ef-7876-99d3-ae5bc862e40b,aster desta,female,0.68,28,adult,MZ,Mozambique,0.32,2026-04-20 14:08:58.095901+00:00
019dab39-14e9-7eff-8f54-7d43af92c98b,amanda garcia,female,0.74,39,adult,US,United States,0.36,2026-04-20 14:08:58.089153+00:00
019dab39-14e4-7891-9ed9-0492e59358b1,maame sow,female,0.98,15,teenager,GW,Guinea-Bissau,0.28,2026-04-20 14:08:58.084222+00:00
019dab39-14df-71ab-80bb-1059acd51043,kamau cele,male,0.88,57,adult,ET,Ethiopia,0.84,2026-04-20 14:08:58.079306+00:00
019dab39-14d9-77cc-b1ac-ad86c102d3bd,chérie nze,female,0.91,7,child,TD,Chad,0.91,2026-04-20 14:08:58.073708+00:00
019dab39-14d3-7c96-aab2-156755d92ca6,femi sawadogo,male,0.77,39,adult,GN,Guinea,0.13,2026-04-20 14:08:58.067933+00:00
019dab39-14ce-7210-a734-bdb6815e520d,amira tazi,female,0.89,59,adult,EG,Egypt,0.31,2026-04-20 14:08:58.062939+00:00
019dab39-14c9-7ca5-8d03-a17d1b8425d9,abdou dossou,male,0.89,24,adult,ML,Mali,0.56,2026-04-20 14:08:58.057836+00:00
019dab39-14c4-7d86-9647-c7826469afc3,mohamed bouazza,male,0.86,57,adult,TN,Tunisia,0.45,2026-04-20 14:08:58.052769+00:00
019dab39-14c0-7591-ac36-d506e47ac2ab,lamine adomou,male,0.79,80,senior,BJ,Benin,0.9,2026-04-20 14:08:58.048442+00:00
019dab39-14bb-711a-8cd6-9485d0e79aaf,thandiwe mnguni,female,0.83,59,adult,SZ,Eswatini,0.12,2026-04-20 14:08:58.043776+00:00
019dab39-14b7-7cef-a23b-0f92a63c1928,lamine kponton,male,0.83,52,adult,NG,Nigeria,0.45,2026-04-20 14:08:58.039365+00:00
019dab39-14b3-7c55-830d-92c74ef09a26,tunde barro,male,0.79,84,senior,NG,Nigeria,0.47,2026-04-20 14:08:58.035371+00:00
019dab39-14af-7b39-9815-53062eb161c3,aster shabalala,female,0.91,47,adult,ET,Ethiopia,0.38,2026-04-20 14:08:58.031178+00:00
019dab39-14a9-7d0e-a8ea-e4422a884acb,jeanne adoula,female,0.73,28,adult,CM,Cameroon,0.7,2026-04-20 14:08:58.025868+00:00
019dab39-14a5-76c2-a076-e18d172772c2,araba mensah,female,0.89,42,adult,CI,Côte d'Ivoire,0.6,2026-04-20 14:08:58.021165+00:00
019dab39-14a0-7608-b1f6-a4bf4cb08dd2,emily williams,female,0.72,90,senior,GB,United Kingdom,0.56,2026-04-20 14:08:58.016469+00:00
019dab39-149a-7b04-89eb-6c63e502150a,zanele tadesse,female,0.92,47,adult,RW,Rwanda,0.78,2026-04-20 14:08:58.010793+00:00
019dab39-1495-73fe-ade0-2fba68b36a65,thabo mhlanga,male,0.74,29,adult,ZA,South Africa,0.17,2026-04-20 14:08:58.005598+00:00
019dab39-148f-7c64-91ec-ab09d1ddd467,sipho adhiambo,male,0.72,33,adult,KE,Kenya,0.91,2026-04-20 14:08:57.999534+00:00
019dab39-1488-7547-bd81-38d4f18ae4cf,desta getachew,male,0.82,58,adult,TZ,Tanzania,0.58,2026-04-20 14:08:57.992424+00:00
019dab39-1482-7294-8885-4b4c3f80c936,melissa flores,female,0.95,70,senior,GB,United Kingdom,0.72,2026-04-20 14:08:57.986712+00:00
019dab39-147c-78d2-8114-18220640347a,louis nkoghe,male,0.7,28,adult,CF,Central African Republic,0.59,2026-04-20 14:08:57.980611+00:00
019dab39-1475-7e0e-8957-42f5f27fdea3,zodwa tadesse,female,0.74,88,senior,ET,Ethiopia,0.2,2026-04-20 14:08:57.973628+00:00
019dab39-1470-796e-bce6-59e48596a748,michelle king,female,0.99,24,adult,BR,Brazil,0.66,2026-04-20 14:08:57.968788+00:00
019dab39-146c-7b28-8045-3cc389094d32,tatenda masondo,male,0.91,65,senior,AO,Angola,0.42,2026-04-20 14:08:57.964770+00:00
019dab39-1467-7ab4-b83e-015f8f2b172d,jennifer brown,female,0.86,32,adult,AU,Australia,0.34,2026-04-20 14:08:57.959631+00:00
019dab39-1461-7f0b-9572-ab1a9d14f30f,anthony martin,male,0.68,20,adult,FR,France,0.16,2026-04-20 14:08:57.954031+00:00
019dab39-145d-7807-b23e-1cc0c5fd3cf0,khaled khatib,male,0.99,5,child,SD,Sudan,0.69,2026-04-20 14:08:57.949696+00:00
019dab39-1458-7b33-99a6-f2b96d621059,assata mensah,female,0.72,59,adult,NG,Nigeria,0.65,2026-04-20 14:08:57.944721+00:00
019dab39-1453-70b1-80ac-cdac56af5b84,joseph taylor,male,0.94,14,teenager,GB,United Kingdom,0.86,2026-04-20 14:08:57.939814+00:00
019dab39-144f-7d17-9c3a-524df4cd0609,abena hounsou,female,0.71,23,adult,LR,Liberia,0.6,2026-04-20 14:08:57.935834+00:00
019dab39-144b-76dd-938c-cdd186f7aafb,grâce mboumba,female,0.82,75,senior,CF,Central African Republic,0.78,2026-04-20 14:08:57.931108+00:00
019dab39-1446-75c0-b754-465660ebe65f,paul barro,male,0.7,67,senior,SN,Senegal,0.63,2026-04-20 14:08:57.926904+00:00
019dab39-1441-732c-969a-d774454dda95,oumou amoah,female,0.77,51,adult,LR,Liberia,0.69,2026-04-20 14:08:57.921932+00:00
019dab39-143e-7dc4-a439-2a544bb8a25d,melissa wright,female,0.87,27,adult,US,United States,0.45,2026-04-20 14:08:57.918187+00:00
019dab39-1439-7447-aa51-811fb75bd442,richard barro,male,0.77,58,adult,NG,Nigeria,0.91,2026-04-20 14:08:57.913569+00:00
019dab39-1433-7e9f-8bd3-656668669172,zodwa mpofu,female,0.83,47,adult,AO,Angola,0.42,2026-04-20 14:08:57.907844+00:00
019dab39-142f-7a81-bb2c-3a6495963349,serge lokossou,male,0.87,20,adult,BJ,Benin,0.37,2026-04-20 14:08:57.903624+00:00
019dab39-142b-7fd6-8234-4454c8894241,astou ouédraogo,female,0.67,29,adult,GH,Ghana,0.39,2026-04-20 14:08:57.899667+00:00
019dab39-1427-7408-9d09-e4d328dcc93c,sizwe otieno,male,0.88,26,adult,RW,Rwanda,0.59,2026-04-20 14:08:57.895262+00:00
019dab39-1421-7059-871c-fb210f35ec36,kagiso dlamini,male,0.98,31,adult,TZ,Tanzania,0.65,2026-04-20 14:08:57.890079+00:00
019dab39-141d-71c0-a142-59190f507b52,wairimu cele,female,0.79,6,child,SS,South Sudan,0.21,2026-04-20 14:08:57.885903+00:00
019dab39-1419-7505-8ed5-0db00141e887,ahmed adhiambo,male,0.91,17,teenager,ER,Eritrea,0.4,2026-04-20 14:08:57.882090+00:00
019dab39-1415-7dfb-a052-09e1b8bcf07e,rania bouazza,female,0.95,29,adult,MA,Morocco,0.27,2026-04-20 14:08:57.878058+00:00
019dab39-1411-7e67-9a6a-5c263ec6826c,bongani ndlovu,male,0.73,46,adult,AO,Angola,0.63,2026-04-20 14:08:57.873885+00:00
019dab39-140d-79b0-ae65-88bd1f5932cf,ebo sidibé,male,0.72,48,adult,BJ,Benin,0.21,2026-04-20 14:08:57.869967+00:00
019dab39-1409-72c3-97ec-d84ed2eded7b,omar saidi,male,0.98,27,adult,EG,Egypt,0.46,2026-04-20 14:08:57.865474+00:00
019dab39-1403-75f5-9bae-382154d2d20a,wairimu mohamed,female,0.88,22,adult,DJ,Djibouti,0.37,2026-04-20 14:08:57.859557+00:00
019dab39-13fe-7d6a-888b-6972af4132ee,abena afolabi,female,0.69,57,adult,NG,Nigeria,0.7,2026-04-20 14:08:57.854897+00:00
019dab39-13fa-7ac4-ae7d-53f77a2d74e6,adjoua adjei,female,0.67,11,child,GH,Ghana,0.68,2026-04-20 14:08:57.850893+00:00
019dab39-13f6-7dc4-9382-4f2f732b8ef9,youssef benali,male,0.85,27,adult,TN,Tunisia,0.41,2026-04-20 14:08:57.846831+00:00
019dab39-13f1-7fca-bb64-cd67ac16576e,odhiambo elmi,male,0.97,45,adult,UG,Uganda,0.28,2026-04-20 14:08:57.842104+00:00
019dab39-13ed-73c5-b2bc-c5c9eba9e1f8,sizwe mnguni,male,0.91,49,adult,ET,Ethiopia,0.55,2026-04-20 14:08:57.837923+00:00
019dab39-13e8-70be-8be5-389332905d07,jean mukendi,male,0.96,29,adult,CG,Republic of the Congo,0.33,2026-04-20 14:08:57.832613+00:00
019dab39-13e3-78af-b1ec-c5d9a3713a35,esi chukwu,female,0.86,8,child,SL,Sierra Leone,0.45,2026-04-20 14:08:57.827676+00:00
019dab39-13de-7a27-96d0-dff2cc686994,sizwe sibanda,male,0.82,54,adult,ZA,South Africa,0.58,2026-04-20 14:08:57.822462+00:00
019dab39-13d9-7d02-a55b-a1b5ef79ef53,paul harris,male,0.93,48,adult,US,United States,0.24,2026-04-20 14:08:57.817791+00:00
019dab39-13d4-7dcd-841f-0606bb58f159,rania khalil,female,0.85,57,adult,EG,Egypt,0.78,2026-04-20 14:08:57.812625+00:00
019dab39-13cf-7321-bdcb-1784d54908f2,yusuf abdi,male,0.73,49,adult,UG,Uganda,0.9,2026-04-20 14:08:57.807650+00:00
019dab39-13cb-7b62-b2b1-ac99a4399353,moussa ouédraogo,male,0.98,88,senior,TG,Togo,0.27,2026-04-20 14:08:57.803129+00:00
019dab39-13c5-7c5b-bd09-c69910f65a07,didier nikiéma,male,0.72,69,senior,BJ,Benin,0.94,2026-04-20 14:08:57.797831+00:00
019dab39-13bf-79c8-ba1f-370ff2931bf1,lerato dlamini,male,0.87,81,senior,AO,Angola,0.84,2026-04-20 14:08:57.791270+00:00
019dab39-13ba-7750-9b9c-fec5aa826efc,tadesse hassan,male,0.9,33,adult,ER,Eritrea,0.3,2026-04-20 14:08:57.786331+00:00
019dab39-13b4-77fd-b282-a8af1304c91c,hicham berrada,male,0.98,34,adult,EG,Egypt,0.38,2026-04-20 14:08:57.780861+00:00
019dab39-13ae-7ce1-96f5-be84639d60d2,kevin martin,male,0.71,17,teenager,GB,United Kingdom,0.85,2026-04-20 14:08:57.775100+00:00
019dab39-13a9-7483-83fa-3874cdeda714,ama agyei,male,0.82,5,child,NG,Nigeria,0.91,2026-04-20 14:08:57.769821+00:00
019dab39-13a3-756e-a073-dc48f181e025,kariuki masondo,male,0.77,41,adult,KE,Kenya,0.48,2026-04-20 14:08:57.763826+00:00
019dab39-139e-78df-81c8-e747d8cfdb87,amira amrani,female,0.85,78,senior,LY,Libya,0.35,2026-04-20 14:08:57.758588+00:00
019dab39-1399-74cf-9123-b18094f97194,tesfaye ndlovu,male,0.82,59,adult,RW,Rwanda,0.81,2026-04-20 14:08:57.753376+00:00
019dab39-1393-7c0f-953d-3619a2691bcb,sarah adams,female,0.71,26,adult,CA,Canada,0.26,2026-04-20 14:08:57.747521+00:00
019dab39-138c-78d1-9253-e9de31ba1cf5,kola babatunde,male,0.84,49,adult,TG,Togo,0.28,2026-04-20 14:08:57.740579+00:00
019dab39-1386-7ba1-b6ef-fb4c7af8d57c,lamine zinsou,male,0.95,38,adult,ML,Mali,0.7,2026-04-20 14:08:57.734375+00:00
019dab39-137f-753a-b54e-8485c2bdd9fa,thandeka girma,female,0.68,47,adult,ET,Ethiopia,0.46,2026-04-20 14:08:57.727487+00:00
019dab39-1378-73aa-b18e-b7cfca855911,thomas harris,male,0.88,26,adult,GB,United Kingdom,0.9,2026-04-20 14:08:57.720619+00:00
019dab39-1372-7e53-8698-8503d70dfdeb,estelle agbodji,female,0.65,65,senior,SN,Senegal,0.87,2026-04-20 14:08:57.715011+00:00
019dab39-136d-712c-aaed-28acdf698994,amina adhiambo,female,0.86,10,child,KE,Kenya,0.74,2026-04-20 14:08:57.709787+00:00
019dab39-1369-7217-868a-63aeda968d48,charles parker,male,0.95,35,adult,FR,France,0.77,2026-04-20 14:08:57.705377+00:00
019dab39-1365-7de4-b77e-3d0f8774efed,ifeoma eze,female,0.85,46,adult,CI,Côte d'Ivoire,0.89,2026-04-20 14:08:57.701517+00:00
019dab39-1360-763d-8b8b-2ef97501815b,bienvenu lumumba,male,0.71,53,adult,CD,DR Congo,0.77,2026-04-20 14:08:57.696709+00:00
019dab39-135b-7e3b-94b2-93637282b6c9,zineb benali,female,0.69,46,adult,DZ,Algeria,0.59,2026-04-20 14:08:57.691588+00:00
019dab39-1357-73b6-9394-11415ae7c4d5,aminata compaoré,female,0.87,41,adult,GH,Ghana,0.4,2026-04-20 14:08:57.687599+00:00
019dab39-1353-7c88-a8c8-c7e1bfc0e040,fortuné kabila,male,0.82,78,senior,CM,Cameroon,0.27,2026-04-20 14:08:57.683611+00:00
019dab39-134f-7b12-a769-ca65ef1195ac,sadiya khumalo,female,0.95,23,adult,MZ,Mozambique,0.34,2026-04-20 14:08:57.679159+00:00
019dab39-134a-74a0-9d5e-affd550a8ef2,esi eze,female,0.69,6,child,SN,Senegal,0.5,2026-04-20 14:08:57.674161+00:00
019dab39-1345-7759-97fe-98df07dfd32d,sizwe dlamini,male,0.88,8,child,UG,Uganda,0.83,2026-04-20 14:08:57.670036+00:00
019dab39-1341-7f5f-bca4-862aa55212dd,abdou hounsou,male,0.71,36,adult,GH,Ghana,0.7,2026-04-20 14:08:57.665869+00:00
019dab39-133c-754b-a15a-6f3e0669932d,hicham saidi,male,0.69,21,adult,LY,Libya,0.55,2026-04-20 14:08:57.661165+00:00
019dab39-1338-7813-9a60-d1e53c1ff7d6,araba kponton,female,0.73,46,adult,GH,Ghana,0.42,2026-04-20 14:08:57.656534+00:00
019dab39-1334-7b1c-8af9-fb0310741264,tatenda khumalo,male,0.82,33,adult,LS,Lesotho,0.39,2026-04-20 14:08:57.652368+00:00
019dab39-1330-7735-81c9-02f231aa2502,maame compaoré,female,0.79,87,senior,CI,Côte d'Ivoire,0.29,2026-04-20 14:08:57.648382+00:00
019dab39-132b-7ab7-ad01-eddd9cd81a77,honorine lokossou,female,0.78,6,child,GH,Ghana,0.15,2026-04-20 14:08:57.643400+00:00
019dab39-1326-7df0-a9f9-2f5808221cd6,matthew williams,male,0.78,87,senior,FR,France,0.92,2026-04-20 14:08:57.639018+00:00
019dab39-1322-7058-9a95-6853fcb6bf88,nomsa nxumalo,female,0.84,10,child,NA,Namibia,0.33,2026-04-20 14:08:57.634638+00:00
019dab39-131e-7ab8-ae43-188c46a3a0c8,tigist ndlovu,female,0.66,32,adult,ET,Ethiopia,0.4,2026-04-20 14:08:57.630446+00:00
019dab39-1319-7fae-8461-e533004b4e1a,nandi abebe,female,0.86,57,adult,UG,Uganda,0.77,2026-04-20 14:08:57.625286+00:00
019dab39-1315-7318-8dab-c2482e4dbf3f,chisom adomou,female,0.66,41,adult,CI,Côte d'Ivoire,0.41,2026-04-20 14:08:57.621290+00:00
019dab39-1311-7425-95b3-91c960bd29e9,nomsa ndlovu,female,0.79,62,senior,AO,Angola,0.39,2026-04-20 14:08:57.617226+00:00
019dab39-130a-79ff-b105-d4a29f6e8f48,nyambura ahmed,female,0.79,49,adult,MZ,Mozambique,0.14,2026-04-20 14:08:57.611179+00:00
019dab39-1305-77f5-8267-aa0d9c6dd8bf,laila filali,female,0.91,10,child,SD,Sudan,0.82,2026-04-20 14:08:57.605768+00:00
019dab39-1301-72d5-810b-bd2feaef7a96,jeanne mba,female,0.87,47,adult,GQ,Equatorial Guinea,0.86,2026-04-20 14:08:57.602079+00:00
019dab39-12fd-7e2f-8d98-bc6cdf4ce326,nompumelelo ndlovu,female,0.89,6,child,ZA,South Africa,0.68,2026-04-20 14:08:57.597902+00:00
019dab39-12f9-732a-932d-0f0708764a6a,lina hajji,female,0.67,84,senior,MA,Morocco,0.7,2026-04-20 14:08:57.594023+00:00
019dab39-12f5-72ad-a758-ecc7f300a11b,abdi mthembu,male,0.67,50,adult,MZ,Mozambique,0.52,2026-04-20 14:08:57.589738+00:00
019dab39-12f1-74b4-9cc3-848209e8a965,wangari elmi,female,0.92,31,adult,SC,Seychelles,0.69,2026-04-20 14:08:57.585616+00:00
019dab39-12ed-7d10-9f7a-f1101dabb562,sharon perez,female,0.98,22,adult,JP,Japan,0.87,2026-04-20 14:08:57.581792+00:00
019dab39-12e9-79e0-80aa-76cccdf20527,anne kabila,female,0.87,35,adult,CM,Cameroon,0.84,2026-04-20 14:08:57.577750+00:00
019dab39-12e4-7a2e-8aeb-3c522fcfe097,zulai ouma,female,0.66,7,child,MZ,Mozambique,0.43,2026-04-20 14:08:57.572782+00:00
019dab39-12e0-7bcb-a90a-7aec9eb95a97,farai nxumalo,male,0.71,22,adult,ZA,South Africa,0.57,2026-04-20 14:08:57.568903+00:00
019dab39-12dc-7e79-89aa-36400bfef206,hicham kettani,male,0.82,43,adult,MA,Morocco,0.92,2026-04-20 14:08:57.564475+00:00
019dab39-12d6-78ef-b5ed-72d37af15e85,auxilia nyoni,female,0.81,26,adult,ST,São Tomé and Príncipe,0.33,2026-04-20 14:08:57.558987+00:00
019dab39-12d2-75ae-94dd-469113add1c9,ekow zinsou,male,0.67,40,adult,NE,Niger,0.25,2026-04-20 14:08:57.554898+00:00
019dab39-12ce-7446-abed-4cd710921eb6,njeri hassan,female,0.96,40,adult,SC,Seychelles,0.75,2026-04-20 14:08:57.550795+00:00
019dab39-12ca-758b-9127-f80e1b10fcfb,adwoa compaoré,female,0.84,18,teenager,NG,Nigeria,0.26,2026-04-20 14:08:57.546663+00:00
019dab39-12c5-7f8a-810b-44bf3af9a06d,walid bouazza,male,0.75,11,child,SD,Sudan,0.51,2026-04-20 14:08:57.541503+00:00
019dab39-12c0-7a14-b518-6f650b8edfaf,awino haile,female,0.86,52,adult,DJ,Djibouti,0.92,2026-04-20 14:08:57.536432+00:00
019dab39-12bc-7e5f-88be-1f29cd34bea1,hyacinthe mobutu,male,0.81,43,adult,CM,Cameroon,0.52,2026-04-20 14:08:57.532356+00:00
019dab39-12b7-7f83-91bc-57de3e3a87fd,walid khatib,male,0.94,50,adult,MA,Morocco,0.84,2026-04-20 14:08:57.527558+00:00
019dab39-12b2-7bd7-bee9-a6f30d80cb62,théophile kasavubu,male,0.74,17,teenager,CD,DR Congo,0.41,2026-04-20 14:08:57.523023+00:00
019dab39-12ae-7745-b7c8-4d633e0a9553,sizwe dube,male,0.89,71,senior,ST,São Tomé and Príncipe,0.84,2026-04-20 14:08:57.518730+00:00
019dab39-12aa-79f7-8681-b43606cb3e75,themba nkosi,male,0.69,55,adult,ZA,South Africa,0.1,2026-04-20 14:08:57.514502+00:00
019dab39-12a6-7697-978c-7b80f71ea80b,waweru cele,male,0.67,26,adult,ET,Ethiopia,0.39,2026-04-20 14:08:57.510514+00:00
019dab39-12a0-7fb9-aa0f-d5b2851037c7,akinyi tesfaye,female,0.98,51,adult,KE,Kenya,0.92,2026-04-20 14:08:57.504916+00:00
019dab39-129c-798a-828b-69bc55eca625,lerato ncube,male,0.91,74,senior,ZM,Zambia,0.78,2026-04-20 14:08:57.500531+00:00
019dab39-1295-7c6c-93fc-29e13e709f6d,dorothy thompson,female,0.74,20,adult,GB,United Kingdom,0.23,2026-04-20 14:08:57.494186+00:00
019dab39-1291-7236-a763-dffca55ad0de,rachid amrani,male,0.88,62,senior,SD,Sudan,0.42,2026-04-20 14:08:57.489396+00:00
019dab39-128c-7998-8cf1-48a3805c805f,fatoumata amoah,female,0.69,25,adult,ML,Mali,0.53,2026-04-20 14:08:57.484844+00:00
019dab39-1287-7c96-a85e-d04e3746cdd6,james jones,male,0.85,47,adult,IN,India,0.69,2026-04-20 14:08:57.480042+00:00
019dab39-1280-73d7-83fc-64f3b24581bb,chipo ndlovu,female,0.73,48,adult,ZA,South Africa,0.49,2026-04-20 14:08:57.472510+00:00
019dab39-1279-731b-9584-92bdd83ef7ae,kobina keïta,male,0.68,25,adult,BJ,Benin,0.38,2026-04-20 14:08:57.466137+00:00
019dab39-1272-7190-9a2b-f2d53297d3d0,wanja tadesse,female,0.93,50,adult,KE,Kenya,0.36,2026-04-20 14:08:57.458291+00:00
019dab39-126b-7859-aa38-0feea92fa78c,tebogo cele,male,0.85,84,senior,ST,São Tomé and Príncipe,0.23,2026-04-20 14:08:57.451363+00:00
019dab39-1266-7a0d-9fdd-2f6b0b78e432,kimberly wright,female,0.65,42,adult,AU,Australia,0.4,2026-04-20 14:08:57.446282+00:00
019dab39-125f-7bfe-91ff-d7f1d904fc22,william adams,male,0.94,26,adult,US,United States,0.27,2026-04-20 14:08:57.440086+00:00
019dab39-125b-7f43-9584-12f127660d71,george davis,male,0.97,41,adult,CA,Canada,0.25,2026-04-20 14:08:57.435220+00:00
019dab39-1251-7174-8585-35ed275283f4,thandiwe sibanda,female,0.94,8,child,NA,Namibia,0.4,2026-04-20 14:08:57.425865+00:00
019dab39-124d-71d2-b708-31ebfbfaadad,ali waweru,male,0.78,28,adult,KE,Kenya,0.24,2026-04-20 14:08:57.421370+00:00
019dab39-1248-7879-9aa8-339c55a716c9,selamawit haile,female,0.73,32,adult,KE,Kenya,0.37,2026-04-20 14:08:57.416699+00:00
019dab39-1242-77dc-b67e-829241aba174,ali jama,male,0.74,62,senior,MZ,Mozambique,0.32,2026-04-20 14:08:57.410327+00:00
019dab39-123c-7bdb-bec8-3789a0a53f9f,tebogo tshuma,male,0.98,83,senior,SZ,Eswatini,0.3,2026-04-20 14:08:57.405111+00:00
019dab39-1237-79a7-91be-263e2372df62,araba okafor,female,0.67,44,adult,GW,Guinea-Bissau,0.78,2026-04-20 14:08:57.399179+00:00
019dab39-1231-79ad-8f24-da78589e5415,tsitsi nkomo,female,0.67,43,adult,ZA,South Africa,0.61,2026-04-20 14:08:57.393454+00:00
019dab39-122c-70a2-b85d-5e17bc5623cf,bayo dossou,male,0.76,40,adult,GH,Ghana,0.87,2026-04-20 14:08:57.388203+00:00
019dab39-1226-7d6b-b6ec-c3ae181bf106,halima ali,female,0.83,64,senior,TZ,Tanzania,0.91,2026-04-20 14:08:57.382924+00:00
019dab39-1220-77f6-8b66-80067e64fb82,nana dao,male,0.72,33,adult,ML,Mali,0.69,2026-04-20 14:08:57.376727+00:00
019dab39-121c-7afe-890a-86be3a61e357,mark tchalla,male,0.99,20,adult,ML,Mali,0.32,2026-04-20 14:08:57.372169+00:00
019dab39-1217-7c80-9df2-bf119bebc31a,michael babatunde,male,0.79,20,adult,SN,Senegal,0.63,2026-04-20 14:08:57.367882+00:00
019dab39-1213-79aa-8ed1-9732bab2847b,amine bennani,male,0.93,27,adult,SD,Sudan,0.29,2026-04-20 14:08:57.363749+00:00
019dab39-120e-77b0-bb40-af1d55d78328,zakaria tahir,male,0.71,12,child,SD,Sudan,0.15,2026-04-20 14:08:57.358502+00:00
019dab39-120a-7aab-9bd9-dce35b0ea771,ngozi olawale,female,0.66,21,adult,LR,Liberia,0.77,2026-04-20 14:08:57.354116+00:00
019dab39-1205-714d-89b9-fc2eb21c4183,grâce bongo,female,0.86,58,adult,CM,Cameroon,0.56,2026-04-20 14:08:57.349871+00:00
019dab39-1201-7d4c-82d3-9669bcb6ca66,espérance tshisekedi,female,0.68,33,adult,CM,Cameroon,0.13,2026-04-20 14:08:57.345162+00:00
019dab39-11fc-7457-a02f-dd29ebd92faa,ebo gbessi,male,0.66,52,adult,NG,Nigeria,0.86,2026-04-20 14:08:57.340463+00:00
019dab39-11f8-7f3f-870b-16532796aa1e,mark miller,male,0.83,25,adult,AU,Australia,0.87,2026-04-20 14:08:57.336171+00:00
019dab39-11f3-78d5-99e1-13b4d3e76bfc,andré kalonji,male,0.73,36,adult,CM,Cameroon,0.24,2026-04-20 14:08:57.331559+00:00
019dab39-11ee-7c60-abd4-e9cfb01a9043,mpho tshuma,male,0.77,43,adult,NA,Namibia,0.92,2026-04-20 14:08:57.326518+00:00
019dab39-11e9-7be0-8256-912a11af7622,thomas wright,male,0.85,75,senior,IN,India,0.35,2026-04-20 14:08:57.321266+00:00
019dab39-11e4-7e93-a42d-384b5d2b73cf,maame igwe,female,0.76,53,adult,BJ,Benin,0.75,2026-04-20 14:08:57.316624+00:00
019dab39-11de-79e1-8ab3-f32ea28fc205,mpho mpofu,male,0.95,61,senior,ZA,South Africa,0.8,2026-04-20 14:08:57.311111+00:00
019dab39-11da-7bc8-855a-84469d4bba5d,innocent lumumba,male,0.78,28,adult,CD,DR Congo,0.6,2026-04-20 14:08:57.306264+00:00
019dab39-11d5-7ea1-81f9-fb0095dfa88f,wairimu alemu,female,0.99,13,teenager,MZ,Mozambique,0.27,2026-04-20 14:08:57.301867+00:00
019dab39-11d1-7eb9-905f-6159b80a81fb,desta shabalala,male,0.86,42,adult,UG,Uganda,0.92,2026-04-20 14:08:57.297604+00:00
019dab39-11cc-757d-bced-7ae97d2ed4f0,sipho mengistu,male,0.73,5,child,TZ,Tanzania,0.15,2026-04-20 14:08:57.292896+00:00
019dab39-11c8-7b46-a53a-d7a152f34baf,sharon miller,female,0.78,75,senior,CA,Canada,0.39,2026-04-20 14:08:57.288482+00:00
019dab39-11c3-7128-891d-5eee4dbc1966,lina bennani,female,0.66,34,adult,TN,Tunisia,0.82,2026-04-20 14:08:57.283482+00:00
019dab39-11bd-7c74-96b7-44c0c6236eb0,hicham tazi,male,0.65,40,adult,MA,Morocco,0.34,2026-04-20 14:08:57.277648+00:00
019dab39-11b7-77e6-925c-7329688d652a,mark white,male,0.79,25,adult,US,United States,0.83,2026-04-20 14:08:57.272054+00:00
019dab39-11b2-7a81-9632-7107141166f0,nomsa moyo,female,0.7,48,adult,ZA,South Africa,0.83,2026-04-20 14:08:57.266565+00:00
019dab39-11ac-7249-a8aa-40ae72efd7ee,wanjiru desta,female,0.92,22,adult,UG,Uganda,0.36,2026-04-20 14:08:57.260291+00:00
019dab39-11a6-7ff6-86c5-6caa245ab9bf,othmane saidi,male,0.69,64,senior,MA,Morocco,0.33,2026-04-20 14:08:57.254714+00:00
019dab39-11a1-754f-a994-f9a79eb3cf87,njoroge ouma,male,0.67,46,adult,RW,Rwanda,0.55,2026-04-20 14:08:57.249660+00:00
019dab39-119c-73dc-a491-10a721729c7d,estelle olawale,female,0.8,52,adult,CI,Côte d'Ivoire,0.44,2026-04-20 14:08:57.244628+00:00
019dab39-1197-79c2-a2e3-244953468126,sadiya hassan,female,0.95,24,adult,KE,Kenya,0.85,2026-04-20 14:08:57.239434+00:00
019dab39-1192-7ac6-b6cf-38203a16b2e8,barbara taylor,female,0.71,53,adult,US,United States,0.13,2026-04-20 14:08:57.234380+00:00
019dab39-118b-7a4f-baca-98ddda68b4c3,desta ouma,male,0.94,33,adult,ET,Ethiopia,0.45,2026-04-20 14:08:57.227668+00:00
019dab39-1185-775d-a94f-fb245534a9b2,kobina konaté,male,0.66,18,teenager,NE,Niger,0.84,2026-04-20 14:08:57.221941+00:00
019dab39-117f-73c6-a46f-36831a7587ef,ifeoma amoah,female,0.92,20,adult,NG,Nigeria,0.92,2026-04-20 14:08:57.215670+00:00
019dab39-1179-7dde-97ff-2e9c27af1ba9,ali odhiambo,male,0.81,66,senior,MG,Madagascar,0.53,2026-04-20 14:08:57.209674+00:00
019dab39-1173-7bd7-a845-2dd63b0a525b,tsitsi khumalo,female,0.79,49,adult,ZA,South Africa,0.72,2026-04-20 14:08:57.203718+00:00
019dab39-116d-7a72-a77b-5875c02d93d3,wangari shabalala,female,0.8,29,adult,MZ,Mozambique,0.58,2026-04-20 14:08:57.197571+00:00
019dab39-1166-7d8a-85c2-7ecb4df7b65d,fanta segla,female,0.74,69,senior,SN,Senegal,0.16,2026-04-20 14:08:57.190566+00:00
019dab39-1160-7961-9894-0e3bc5adc739,richard evans,male,0.9,62,senior,FR,France,0.86,2026-04-20 14:08:57.184209+00:00
019dab39-1158-7bd0-996f-b5f2d0956b66,richard dossou,male,0.67,56,adult,GH,Ghana,0.59,2026-04-20 14:08:57.176590+00:00
019dab39-1151-7928-a56c-c6e2930872b8,rakiya abebe,female,0.76,21,adult,RW,Rwanda,0.56,2026-04-20 14:08:57.169775+00:00
019dab39-114a-76ad-ab8a-ee78dd5c6505,dele camara,male,0.9,22,adult,GH,Ghana,0.79,2026-04-20 14:08:57.163072+00:00
019dab39-1144-7254-b807-24fa9ed1fd8d,honorine osei,female,0.78,41,adult,GH,Ghana,0.69,2026-04-20 14:08:57.156401+00:00
019dab39-113e-7920-b6c3-2caf09f200de,tsitsi ndlovu,female,0.84,39,adult,SZ,Eswatini,0.53,2026-04-20 14:08:57.150307+00:00
019dab39-1138-702a-b2ee-a74cf20b940a,blessing lokossou,female,0.92,72,senior,NG,Nigeria,0.54,2026-04-20 14:08:57.144926+00:00
019dab39-1133-715d-878d-4e8c792082c8,kadiatou adomou,female,0.86,39,adult,SN,Senegal,0.47,2026-04-20 14:08:57.139861+00:00
019dab39-112e-7469-83fc-2c50d0df260b,nadia lamrani,female,0.91,30,adult,EG,Egypt,0.48,2026-04-20 14:08:57.134716+00:00
019dab39-1129-7526-9da9-776657009527,youssef alaoui,male,0.95,30,adult,EG,Egypt,0.88,2026-04-20 14:08:57.129532+00:00
019dab39-1124-76da-be4b-e429d3c84431,nour khalil,female,0.72,49,adult,SD,Sudan,0.29,2026-04-20 14:08:57.124570+00:00
019dab39-1120-7f73-ba6f-61361705aadd,susan harris,female,0.91,35,adult,IN,India,0.47,2026-04-20 14:08:57.120235+00:00
019dab39-111b-7fcb-ab70-336debcb4d4b,jacques nkoghe,male,0.89,47,adult,GQ,Equatorial Guinea,0.81,2026-04-20 14:08:57.115372+00:00
019dab39-1116-7417-9613-f3af7e222d94,théodore coulibaly,male,0.9,62,senior,GW,Guinea-Bissau,0.86,2026-04-20 14:08:57.111076+00:00
019dab39-1111-7db4-a1b2-03bc1979b9da,getachew omar,male,0.79,83,senior,KE,Kenya,0.75,2026-04-20 14:08:57.105956+00:00
019dab39-110d-7b76-80d8-a44779cf8e3f,nandi ndlovu,female,0.66,47,adult,MZ,Mozambique,0.56,2026-04-20 14:08:57.101400+00:00
019dab39-1108-7222-8126-13a743905a40,bienvenu ondimba,male,0.72,14,teenager,CF,Central African Republic,0.56,2026-04-20 14:08:57.097075+00:00
019dab39-1103-7895-bd98-74c2722bcef3,djeneba zinsou,female,0.69,8,child,GH,Ghana,0.35,2026-04-20 14:08:57.091893+00:00
019dab39-10fe-7b48-be1b-56e59772b0ee,mehdi benali,male,0.75,9,child,MA,Morocco,0.16,2026-04-20 14:08:57.086877+00:00
019dab39-10f8-7a07-a0cc-abafe53e7c34,anthony anderson,male,0.86,49,adult,US,United States,0.48,2026-04-20 14:08:57.080264+00:00
019dab39-10f1-7791-a5e0-5fbf04fa473f,ebo zongo,male,0.72,24,adult,CI,Côte d'Ivoire,0.14,2026-04-20 14:08:57.073922+00:00
019dab39-10ec-7942-8822-03dfe9082caa,njeri masondo,female,0.95,67,senior,MW,Malawi,0.17,2026-04-20 14:08:57.068478+00:00
019dab39-10e5-765c-9293-d9368fc385ae,ghita hajji,female,0.86,40,adult,EG,Egypt,0.73,2026-04-20 14:08:57.062040+00:00
019dab39-10de-7f29-89a9-d3de248dcb7e,tariq tazi,male,0.7,9,child,SD,Sudan,0.3,2026-04-20 14:08:57.054840+00:00
019dab39-10d7-7310-9edf-179de2fa7f4e,nompumelelo khumalo,female,0.9,42,adult,NA,Namibia,0.26,2026-04-20 14:08:57.048125+00:00
019dab39-10d1-7636-9049-1dbd8bbf32a5,aminata asante,female,0.69,65,senior,SN,Senegal,0.49,2026-04-20 14:08:57.041378+00:00
019dab39-10cb-772d-9940-f60eaf03587e,karen baker,female,0.7,25,adult,IN,India,0.91,2026-04-20 14:08:57.035477+00:00
019dab39-10c6-7bee-b284-14d3cc6367cf,melissa hill,female,0.71,24,adult,CN,China,0.22,2026-04-20 14:08:57.030281+00:00
019dab39-10c0-7162-a82d-66a63638f833,akinyi omar,female,0.65,63,senior,KE,Kenya,0.56,2026-04-20 14:08:57.024820+00:00
019dab39-10ba-786d-902f-06503fdfb475,amara elmi,male,0.87,58,adult,KE,Kenya,0.35,2026-04-20 14:08:57.018985+00:00
019dab39-10b5-7456-bf86-c0c9f1a40841,miséricorde tshisekedi,female,0.92,21,adult,CD,DR Congo,0.45,2026-04-20 14:08:57.014104+00:00
019dab39-10b0-7202-87bf-4306dc601d9c,parfait tshisekedi,male,0.74,29,adult,CF,Central African Republic,0.65,2026-04-20 14:08:57.008685+00:00
019dab39-10ab-742f-94c4-58c228edf0e6,yusuf abebe,male,0.73,16,teenager,TZ,Tanzania,0.84,2026-04-20 14:08:57.003555+00:00
019dab39-10a6-7801-8c0b-acf9595ac663,joseph white,male,0.71,58,adult,JP,Japan,0.56,2026-04-20 14:08:56.998384+00:00
019dab39-10a0-7152-b4c8-320960064307,brian nguyen,male,0.88,49,adult,DE,Germany,0.29,2026-04-20 14:08:56.992823+00:00
019dab39-109b-7a60-ae8b-e72482218c21,rokhaya gbagbo,female,0.65,22,adult,CI,Côte d'Ivoire,0.67,2026-04-20 14:08:56.987868+00:00
019dab39-1096-74db-ae56-b637117c8527,hervé babatunde,male,0.84,21,adult,SN,Senegal,0.6,2026-04-20 14:08:56.982142+00:00
019dab39-1091-7e5a-be5d-f350bec27c05,pierre bomboko,male,0.74,11,child,CD,DR Congo,0.95,2026-04-20 14:08:56.977297+00:00
019dab39-108a-7cad-8cb5-8343760930de,oumou igwe,female,0.95,55,adult,GN,Guinea,0.84,2026-04-20 14:08:56.970738+00:00
019dab39-1085-7d06-9199-7f9c78b885ba,didier chukwu,male,0.72,32,adult,ML,Mali,0.95,2026-04-20 14:08:56.965564+00:00
019dab39-1080-743b-8e69-27c45692b00a,khaled filali,male,0.85,87,senior,SD,Sudan,0.37,2026-04-20 14:08:56.960732+00:00
019dab39-107a-7bc7-abbb-3e4c38ab4216,haile haile,male,0.87,86,senior,ET,Ethiopia,0.4,2026-04-20 14:08:56.954632+00:00
019dab39-1075-7385-af68-6a3242cb2983,tadesse mwangi,male,0.74,10,child,KE,Kenya,0.74,2026-04-20 14:08:56.949289+00:00
019dab39-1070-7751-b211-ee3b5d01090b,théophile adoula,male,0.93,71,senior,CD,DR Congo,0.64,2026-04-20 14:08:56.944550+00:00
019dab39-106b-7c94-9016-b1b8618d18fa,estelle traoré,female,0.82,59,adult,SL,Sierra Leone,0.2,2026-04-20 14:08:56.939387+00:00
019dab39-1066-7a01-919c-80c56745e03b,tanaka mpofu,male,0.68,28,adult,ZA,South Africa,0.68,2026-04-20 14:08:56.934588+00:00
019dab39-1061-78de-914a-d2a4a077a87a,kunle agbodji,male,0.76,53,adult,BF,Burkina Faso,0.87,2026-04-20 14:08:56.929520+00:00
019dab39-105b-7634-ab39-86bc0d735fd6,tendai nkomo,male,0.73,45,adult,ZA,South Africa,0.83,2026-04-20 14:08:56.923621+00:00
019dab39-1055-7e53-b56d-3ab067f3ddad,bongani nkosi,male,0.83,30,adult,ET,Ethiopia,0.84,2026-04-20 14:08:56.917802+00:00
019dab39-104e-7365-913c-b1a42f70da43,sizwe masondo,male,0.66,31,adult,ET,Ethiopia,0.63,2026-04-20 14:08:56.911035+00:00
019dab39-1049-7ba3-82a1-f3b28997d50c,abebe jama,male,0.75,21,adult,SO,Somalia,0.74,2026-04-20 14:08:56.905948+00:00
019dab39-1042-7566-8596-b9d538606e71,youssef tahir,male,0.66,37,adult,EG,Egypt,0.14,2026-04-20 14:08:56.898538+00:00
019dab39-103a-794a-b8bb-297dab3da972,sadiya elmi,female,0.69,7,child,MZ,Mozambique,0.56,2026-04-20 14:08:56.890374+00:00
019dab39-1034-768a-88da-332986ce0e24,peace adomou,female,0.8,56,adult,BJ,Benin,0.72,2026-04-20 14:08:56.884951+00:00
019dab39-102f-7d62-911b-a9fcd95aba0a,takudzwa mhlanga,male,0.9,45,adult,ZW,Zimbabwe,0.49,2026-04-20 14:08:56.880038+00:00
019dab39-1029-7630-8c8b-bfcb42b10afd,gary allen,male,0.97,13,teenager,FR,France,0.12,2026-04-20 14:08:56.873678+00:00
019dab39-1023-735f-8e9c-6d80485ae6a6,hafsat elmi,female,0.67,18,teenager,KE,Kenya,0.26,2026-04-20 14:08:56.867760+00:00
019dab39-101c-7fb2-b01b-25c3a5b54e23,tesfaye mohamed,male,0.91,47,adult,TZ,Tanzania,0.94,2026-04-20 14:08:56.861215+00:00
019dab39-1015-7e47-a899-e57d1e859145,bongiwe nkomo,female,0.74,7,child,AO,Angola,0.64,2026-04-20 14:08:56.853807+00:00
019dab39-1010-79c1-9182-b76e3b32fad4,njeri mohamed,female,0.93,36,adult,TZ,Tanzania,0.59,2026-04-20 14:08:56.848594+00:00
019dab39-100b-7c15-a021-9a88a5c0a4b4,sipho nxumalo,male,0.94,10,child,ZA,South Africa,0.58,2026-04-20 14:08:56.844008+00:00
019dab39-1006-7e0e-b265-c6ccd83b6494,mengistu ali,male,0.79,72,senior,UG,Uganda,0.29,2026-04-20 14:08:56.838354+00:00
019dab39-1001-7285-8a74-f84753cbc404,yeshi waweru,female,0.65,46,adult,UG,Uganda,0.21,2026-04-20 14:08:56.833992+00:00
019dab39-0ffd-7afd-8d18-3089b31ff892,jacob harris,male,0.93,64,senior,US,United States,0.15,2026-04-20 14:08:56.829926+00:00
019dab39-0ff8-7bc8-bd8e-50fac8b14c6e,hyacinthe ondimba,male,0.97,41,adult,CD,DR Congo,0.78,2026-04-20 14:08:56.824925+00:00
019dab39-0ff4-7f0a-9307-78a7f5688e12,nokwanda awino,female,0.7,19,teenager,MG,Madagascar,0.67,2026-04-20 14:08:56.820899+00:00
019dab39-0ff0-78bd-8e8d-676902765799,chidi agbodji,male,0.77,47,adult,CI,Côte d'Ivoire,0.8,2026-04-20 14:08:56.816723+00:00
019dab39-0feb-7e95-80a5-569ef9660e9f,sipho mohamed,male,0.73,59,adult,RW,Rwanda,0.63,2026-04-20 14:08:56.812080+00:00
019dab39-0fe6-7fa2-aef1-7539e63bab2c,stephanie flores,female,0.76,49,adult,US,United States,0.31,2026-04-20 14:08:56.806986+00:00
019dab39-0fe2-7ddd-a57a-8bb3c1b2d959,alexis babatunde,male,0.73,70,senior,BF,Burkina Faso,0.61,2026-04-20 14:08:56.802910+00:00
019dab39-0fde-7b1a-aafa-98de1413ffb6,fatoumata tapsoba,female,0.82,68,senior,CI,Côte d'Ivoire,0.7,2026-04-20 14:08:56.798576+00:00
019dab39-0fd9-7a76-bd3a-8157f9854d92,zodwa nkosi,female,0.95,15,teenager,ZM,Zambia,0.49,2026-04-20 14:08:56.793860+00:00
019dab39-0fd5-7650-a0c2-4c3d73c1361f,sarah allen,female,0.83,57,adult,FR,France,0.53,2026-04-20 14:08:56.789405+00:00
019dab39-0fd0-725f-ada2-6322b8c206a0,alexis igwe,male,0.66,18,teenager,ML,Mali,0.26,2026-04-20 14:08:56.784769+00:00
019dab39-0fcb-7c81-910d-dd4b34284e09,françois kalonji,male,0.8,13,teenager,CG,Republic of the Congo,0.9,2026-04-20 14:08:56.779842+00:00
019dab39-0fc5-7f3d-9069-93d5dc67eace,william parker,male,0.74,52,adult,IN,India,0.23,2026-04-20 14:08:56.773525+00:00
019dab39-0fbf-7e1d-9836-996cf4d07b50,betty evans,female,0.72,16,teenager,BR,Brazil,0.56,2026-04-20 14:08:56.768082+00:00
019dab39-0fbb-7f35-a783-a60fa0c6558a,tadesse tesfaye,male,0.87,44,adult,ET,Ethiopia,0.74,2026-04-20 14:08:56.763282+00:00
019dab39-0fb5-7f5e-829b-3af37981d217,mekdes khumalo,female,0.69,80,senior,ET,Ethiopia,0.62,2026-04-20 14:08:56.757983+00:00
019dab39-0fb1-7f29-a0d7-1ca58860e720,alexis sow,male,0.93,79,senior,NE,Niger,0.93,2026-04-20 14:08:56.753368+00:00
019dab39-0fac-70bf-822b-d0df0de50a21,blessing coulibaly,female,0.94,32,adult,NG,Nigeria,0.41,2026-04-20 14:08:56.748417+00:00
019dab39-0fa7-7326-8914-b97d3320bf74,nana sidibé,male,0.93,61,senior,GN,Guinea,0.65,2026-04-20 14:08:56.743661+00:00
019dab39-0fa2-700d-b95e-e056fbdf898c,ismail adjei,male,0.76,78,senior,BJ,Benin,0.61,2026-04-20 14:08:56.738801+00:00
019dab39-0f9d-7d9c-aa58-173ba4c25a9d,jennifer king,female,0.75,57,adult,FR,France,0.3,2026-04-20 14:08:56.733410+00:00
019dab39-0f99-72c0-9197-f6cd818715bc,michael traoré,male,0.7,14,teenager,ML,Mali,0.83,2026-04-20 14:08:56.729117+00:00
019dab39-0f93-70e4-a216-a25fabed060a,dieudonné bomboko,male,0.83,76,senior,TD,Chad,0.44,2026-04-20 14:08:56.723913+00:00
019dab39-0f90-7e69-bb92-62d09c3d13af,chérie mukendi,female,0.79,87,senior,CD,DR Congo,0.89,2026-04-20 14:08:56.720128+00:00
019dab39-0f8c-734d-b536-91cbb35a101a,carol scott,female,0.69,34,adult,CN,China,0.35,2026-04-20 14:08:56.716134+00:00
019dab39-0f85-7349-b765-534691f42a0d,mpho mengistu,male,0.7,42,adult,ET,Ethiopia,0.43,2026-04-20 14:08:56.710003+00:00
019dab39-0f81-7913-8ae9-397083932fc5,ahmed benhammou,male,0.79,58,adult,MA,Morocco,0.38,2026-04-20 14:08:56.705683+00:00
019dab39-0f7d-776a-874e-535a53136a04,didier agyei,male,0.73,28,adult,BJ,Benin,0.7,2026-04-20 14:08:56.701451+00:00
019dab39-0f79-70f9-9ad7-ffbfc329f0d0,oumou agbodji,female,0.74,57,adult,SN,Senegal,0.19,2026-04-20 14:08:56.697601+00:00
019dab39-0f74-79b9-929a-55cd9ade67c0,bongiwe dube,female,0.94,44,adult,ZW,Zimbabwe,0.55,2026-04-20 14:08:56.692902+00:00
019dab39-0f70-74cc-a546-79befe432c40,clarisse lokossou,female,0.94,69,senior,SN,Senegal,0.8,2026-04-20 14:08:56.688462+00:00
019dab39-0f6b-78fe-a242-c78c54cb2d33,bongiwe mhlanga,female,0.75,18,teenager,ST,São Tomé and Príncipe,0.67,2026-04-20 14:08:56.684060+00:00
019dab39-0f67-7aed-988a-003bdd142dd8,girma odhiambo,male,0.78,54,adult,ET,Ethiopia,0.23,2026-04-20 14:08:56.679301+00:00
019dab39-0f61-7603-9bbe-8b960db96311,tesfaye khumalo,male,0.88,90,senior,RW,Rwanda,0.85,2026-04-20 14:08:56.673464+00:00
019dab39-0f5d-7ece-8967-e384bda57046,kunle dossou,male,0.92,40,adult,GH,Ghana,0.93,2026-04-20 14:08:56.669733+00:00
019dab39-0f59-7fea-aa24-b1070d573ded,richard perez,male,0.82,72,senior,IN,India,0.54,2026-04-20 14:08:56.665956+00:00
019dab39-0f55-7e5d-af7c-d5e822a0e556,moussa igwe,male,0.82,51,adult,BJ,Benin,0.31,2026-04-20 14:08:56.661435+00:00
019dab39-0f50-7633-bed1-eb829ee91ee4,yaa okonkwo,female,0.92,11,child,SN,Senegal,0.7,2026-04-20 14:08:56.656291+00:00
019dab39-0f4c-7655-92e1-15599843d207,tadesse mnguni,male,0.66,61,senior,KE,Kenya,0.62,2026-04-20 14:08:56.652628+00:00
019dab39-0f48-714b-8a99-2452f7c75978,anne bomboko,female,0.68,71,senior,GQ,Equatorial Guinea,0.74,2026-04-20 14:08:56.648358+00:00
019dab39-0f44-75ca-a5f0-bdf28a8d53f3,mekdes waweru,female,0.89,90,senior,SS,South Sudan,0.83,2026-04-20 14:08:56.644492+00:00
019dab39-0f40-7150-b609-106b106e331b,cheikh konaté,male,0.97,59,adult,NG,Nigeria,0.64,2026-04-20 14:08:56.640325+00:00
019dab39-0f3c-7eaa-88db-4ec825228b65,chisom gbessi,female,0.9,24,adult,CV,Cape Verde,0.88,2026-04-20 14:08:56.636212+00:00
019dab39-0f37-7a9a-9e03-8e1124137b5a,matthew wright,male,0.88,55,adult,CN,China,0.32,2026-04-20 14:08:56.631860+00:00
019dab39-0f33-773f-9597-c47b271f7193,nandi masondo,female,0.81,43,adult,ZA,South Africa,0.87,2026-04-20 14:08:56.627438+00:00
019dab39-0f2f-7f4e-9937-23686ece502f,lerato shabalala,male,0.69,12,child,ET,Ethiopia,0.73,2026-04-20 14:08:56.623128+00:00
019dab39-0f2a-758b-8d5b-2f3cb8ed6eb0,tigist khumalo,female,0.77,43,adult,MZ,Mozambique,0.65,2026-04-20 14:08:56.619004+00:00
019dab39-0f25-77c9-abe7-e775d76b581b,grâce lumumba,female,0.75,38,adult,CG,Republic of the Congo,0.36,2026-04-20 14:08:56.613952+00:00
019dab39-0f1f-7174-bcce-710ee1f20d13,rokhaya dossou,female,0.91,7,child,BJ,Benin,0.79,2026-04-20 14:08:56.607244+00:00
019dab39-0f19-71a7-80a0-5549010e6477,rim hajji,female,0.77,65,senior,TN,Tunisia,0.13,2026-04-20 14:08:56.601345+00:00
019dab39-0f0f-7a28-8650-be4d10fb5b46,andrew roberts,male,0.8,55,adult,IN,India,0.35,2026-04-20 14:08:56.592053+00:00
019dab39-0f0a-7bc3-821b-389038120b1a,njeri odhiambo,female,0.69,42,adult,MZ,Mozambique,0.28,2026-04-20 14:08:56.586298+00:00
019dab39-0f04-7330-8a8a-185e60d9aa2c,desta tadesse,male,0.83,54,adult,ER,Eritrea,0.53,2026-04-20 14:08:56.580710+00:00
019dab39-0efe-736f-a4e8-d88003760eab,sekai masondo,female,0.67,41,adult,ZW,Zimbabwe,0.66,2026-04-20 14:08:56.574546+00:00
019dab39-0efa-7b54-8987-22b31dc99324,hirut khumalo,female,0.82,20,adult,KE,Kenya,0.39,2026-04-20 14:08:56.570677+00:00
019dab39-0ef6-72de-8989-9b94c77b428d,peter agyei,male,0.67,7,child,GH,Ghana,0.25,2026-04-20 14:08:56.566645+00:00
019dab39-0ef2-7680-bd66-2e6286ad5f93,calixte zongo,male,0.99,46,adult,GH,Ghana,0.83,2026-04-20 14:08:56.562353+00:00
019dab39-0eec-7041-b94b-7963275079e3,rudo ndebele,female,0.77,13,teenager,ZM,Zambia,0.23,2026-04-20 14:08:56.556737+00:00
019dab39-0ee7-7a50-9c91-f7e05c5a0598,ahmed mansouri,male,0.98,84,senior,MA,Morocco,0.86,2026-04-20 14:08:56.551394+00:00
019dab39-0ee2-727a-acb9-a34030a97943,richard thomas,male,0.67,75,senior,US,United States,0.63,2026-04-20 14:08:56.546502+00:00
019dab39-0edc-7ef4-a722-50dbfd7b2cc0,sharon flores,female,0.82,14,teenager,IN,India,0.34,2026-04-20 14:08:56.540472+00:00
019dab39-0ed7-70a0-a665-b1a3060407c5,mariama camara,female,0.74,32,adult,SN,Senegal,0.76,2026-04-20 14:08:56.535634+00:00
019dab39-0ed3-7895-9fef-57140b9d3c80,amina bekele,female,0.73,20,adult,ET,Ethiopia,0.65,2026-04-20 14:08:56.531276+00:00
019dab39-0ece-7e8b-9469-cf15edce5bae,yasmine mansouri,female,0.84,64,senior,SD,Sudan,0.8,2026-04-20 14:08:56.526339+00:00
019dab39-0ec9-7705-afbe-14c48b488929,akosua adomou,female,0.65,37,adult,GH,Ghana,0.56,2026-04-20 14:08:56.521760+00:00
019dab39-0ec4-7dee-8c12-dc4bdb0f4c40,john young,male,0.77,40,adult,BR,Brazil,0.12,2026-04-20 14:08:56.516803+00:00
019dab39-0ec0-7785-869c-61c55896efb7,anthony young,male,0.96,61,senior,US,United States,0.3,2026-04-20 14:08:56.512209+00:00
019dab39-0eba-7d78-8591-a7daf9a8dced,ade olawale,male,0.66,36,adult,NG,Nigeria,0.1,2026-04-20 14:08:56.506836+00:00
019dab39-0eb5-7842-9531-cc259c82a8e2,kenneth smith,male,0.68,42,adult,IN,India,0.39,2026-04-20 14:08:56.501429+00:00
019dab39-0eb1-74b1-9010-340bff9a8cbe,sekai nyoni,female,0.65,42,adult,LS,Lesotho,0.89,2026-04-20 14:08:56.497116+00:00
019dab39-0eac-74fa-a17f-b55b171a3774,sizwe adhiambo,male,0.78,37,adult,ET,Ethiopia,0.2,2026-04-20 14:08:56.492500+00:00
019dab39-0ea6-7db2-9904-1791bd82f319,mengistu abebe,male,0.78,25,adult,BI,Burundi,0.85,2026-04-20 14:08:56.486999+00:00
019dab39-0ea3-77c0-96ba-a578b200aee2,kariuki mwangi,male,0.9,22,adult,MG,Madagascar,0.49,2026-04-20 14:08:56.483169+00:00
019dab39-0e9f-7ec5-8aa1-ee7dfb32657c,ouma kamau,male,0.67,60,senior,MZ,Mozambique,0.91,2026-04-20 14:08:56.479286+00:00
019dab39-0e9a-710d-83b1-72bb64de3c2a,araba owusu,female,0.78,36,adult,SL,Sierra Leone,0.85,2026-04-20 14:08:56.474908+00:00
019dab39-0e96-7226-beba-9fe026eaf1ae,yeshi awino,female,0.7,12,child,TZ,Tanzania,0.27,2026-04-20 14:08:56.470951+00:00
019dab39-0e92-722e-9541-aa8d68766a78,hervé tapsoba,male,0.87,51,adult,BJ,Benin,0.64,2026-04-20 14:08:56.466186+00:00
019dab39-0e8c-7d6d-a0f1-09e90ea72fd5,coumba sawadogo,female,0.76,50,adult,GH,Ghana,0.41,2026-04-20 14:08:56.460934+00:00
019dab39-0e88-788c-b3d9-263c8ad020ce,nompumelelo ncube,female,0.76,57,adult,AO,Angola,0.22,2026-04-20 14:08:56.456228+00:00
019dab39-0e83-72f4-96c4-1e4967ca5f1a,george turner,male,0.94,89,senior,US,United States,0.16,2026-04-20 14:08:56.452093+00:00
019dab39-0e7f-7aa3-85fa-97dfdec60783,amara ndlovu,male,0.87,43,adult,UG,Uganda,0.94,2026-04-20 14:08:56.447662+00:00
019dab39-0e7a-78e6-bcd3-fc8716b4bb35,ebo asante,male,0.77,14,teenager,BJ,Benin,0.78,2026-04-20 14:08:56.442252+00:00
019dab39-0e75-77d2-833d-6ec2954cd2e2,aminata igwe,female,0.95,41,adult,NG,Nigeria,0.4,2026-04-20 14:08:56.437613+00:00
019dab39-0e70-7d88-a820-e480e2a77046,nana gbagbo,male,0.76,23,adult,GN,Guinea,0.11,2026-04-20 14:08:56.432454+00:00
019dab39-0e6b-71a4-bf3a-6d5f35f375ab,zineb amrani,female,0.87,62,senior,EG,Egypt,0.23,2026-04-20 14:08:56.427674+00:00
019dab39-0e65-7749-9c0e-d1b0927abb39,nokwanda nkosi,female,0.65,26,adult,TZ,Tanzania,0.48,2026-04-20 14:08:56.422072+00:00
019dab39-0e61-7822-88c4-6b6c0c4a8af2,cheikh afolabi,male,0.84,47,adult,BJ,Benin,0.91,2026-04-20 14:08:56.417767+00:00
019dab39-0e5d-709a-9d27-73a52d56a9de,ramatu ahmed,female,0.99,25,adult,UG,Uganda,0.17,2026-04-20 14:08:56.413249+00:00
019dab39-0e57-7203-b14b-e147b507ed5b,jeffrey thompson,male,0.91,41,adult,GB,United Kingdom,0.8,2026-04-20 14:08:56.407570+00:00
019dab39-0e51-70e6-83ca-2e6fe4f8338b,kwame camara,male,0.8,15,teenager,SL,Sierra Leone,0.8,2026-04-20 14:08:56.401596+00:00
019dab39-0e4a-77b2-8ad7-01ef6ea8070f,innocent kalonji,male,0.77,52,adult,CM,Cameroon,0.17,2026-04-20 14:08:56.394948+00:00
019dab39-0e44-74ff-a94e-865a4d308b84,aimée kalonji,female,0.98,15,teenager,GQ,Equatorial Guinea,0.84,2026-04-20 14:08:56.388468+00:00
019dab39-0e3f-7036-b80c-f978871bef06,hassan haile,male,0.65,33,adult,DJ,Djibouti,0.32,2026-04-20 14:08:56.383652+00:00
019dab39-0e3a-7217-a025-141adbaf021c,ekow afolabi,male,0.91,11,child,GH,Ghana,0.13,2026-04-20 14:08:56.378225+00:00
019dab39-0e33-7cfb-a7c9-072ea5eaf127,sekai nkomo,female,0.94,29,adult,ZM,Zambia,0.88,2026-04-20 14:08:56.371377+00:00
019dab39-0e2d-735d-8eae-16dd3e3b1e85,joseph flores,male,0.91,71,senior,US,United States,0.29,2026-04-20 14:08:56.365798+00:00
019dab39-0e26-7c6d-ad2d-67f4266535a7,margaret edwards,female,0.79,49,adult,US,United States,0.21,2026-04-20 14:08:56.358403+00:00
019dab39-0e21-7793-acda-f0ee3edc3c82,rumbidzai nkosi,female,0.82,18,teenager,ST,São Tomé and Príncipe,0.3,2026-04-20 14:08:56.353515+00:00
019dab39-0e1c-7349-8531-a3d0ab8c4459,othmane rachidi,male,0.73,58,adult,MA,Morocco,0.19,2026-04-20 14:08:56.348642+00:00
019dab39-0e15-72e0-93e1-c96be6f7221d,john nelson,male,0.91,38,adult,US,United States,0.16,2026-04-20 14:08:56.341887+00:00
019dab39-0e0e-7335-80ac-edb47f84716d,emmanuel tchalla,male,0.84,12,child,GH,Ghana,0.45,2026-04-20 14:08:56.334565+00:00
019dab39-0e08-7b1a-b344-7f1007c0aece,estelle tchalla,female,0.97,58,adult,GH,Ghana,0.82,2026-04-20 14:08:56.329015+00:00
019dab39-0e02-77ef-80d0-1b86bfd98eda,jennifer roberts,female,0.96,24,adult,JP,Japan,0.3,2026-04-20 14:08:56.322597+00:00
019dab39-0dfc-7228-bb09-5448f86a7e6b,paul garcia,male,0.96,33,adult,US,United States,0.8,2026-04-20 14:08:56.317077+00:00
019dab39-0df6-7e1d-a781-9ef3641b8a6d,hyacinthe ping,male,0.95,68,senior,CG,Republic of the Congo,0.7,2026-04-20 14:08:56.310971+00:00
019dab39-0def-7ec4-83fb-af7965d85337,florentine camara,female,0.68,59,adult,BJ,Benin,0.34,2026-04-20 14:08:56.304066+00:00
019dab39-0dea-7b2b-9de5-e464006e7135,bilkisu hassan,female,0.68,38,adult,TZ,Tanzania,0.52,2026-04-20 14:08:56.298620+00:00
019dab39-0de4-7f43-8b8d-f3c3b3586590,louis bongo,male,0.9,7,child,CD,DR Congo,0.62,2026-04-20 14:08:56.292381+00:00
019dab39-0de0-7705-ba27-213c3ad417d7,barbara carter,female,0.68,46,adult,GB,United Kingdom,0.36,2026-04-20 14:08:56.288438+00:00
019dab39-0ddc-74b6-a912-2d44b489a044,jacob thomas,male,0.84,62,senior,JP,Japan,0.65,2026-04-20 14:08:56.284308+00:00
019dab39-0dd8-7722-a7f3-abbf02ae888e,wangari mohamed,female,0.74,70,senior,KE,Kenya,0.73,2026-04-20 14:08:56.280268+00:00
019dab39-0dd2-7177-b87b-5d460adbd759,jacques ondimba,male,0.67,20,adult,CF,Central African Republic,0.94,2026-04-20 14:08:56.274191+00:00
019dab39-0dcd-7762-a80d-ff7e05ee5715,anthony hill,male,0.75,21,adult,GB,United Kingdom,0.38,2026-04-20 14:08:56.269861+00:00
019dab39-0dc9-79a7-955d-706e60ce9a59,gloire ondimba,female,0.97,24,adult,CM,Cameroon,0.4,2026-04-20 14:08:56.265701+00:00
019dab39-0dc4-7fa4-9a0f-e8ea62126d81,kojo eze,male,0.88,24,adult,NG,Nigeria,0.86,2026-04-20 14:08:56.261049+00:00
019dab39-0dbf-7ec1-ba07-604ef2c57ca3,ahmed amrani,male,0.98,51,adult,LY,Libya,0.63,2026-04-20 14:08:56.256021+00:00
019dab39-0dba-717c-8f3d-8f7aaaf0f853,rachid lamrani,male,0.97,77,senior,EG,Egypt,0.28,2026-04-20 14:08:56.250908+00:00
019dab39-0db4-726c-a62c-973ab9d15531,henri obiang,male,0.89,45,adult,GQ,Equatorial Guinea,0.48,2026-04-20 14:08:56.244948+00:00
019dab39-0daf-7d94-a428-415c84efac44,maame touré,female,0.82,18,teenager,GM,Gambia,0.33,2026-04-20 14:08:56.239565+00:00
019dab39-0dab-7c66-a66c-6ce0c3772b9d,joseph chukwu,male,0.93,18,teenager,NG,Nigeria,0.16,2026-04-20 14:08:56.235532+00:00
019dab39-0da7-7efe-b767-b129d228df7e,amina girma,female,0.87,58,adult,TZ,Tanzania,0.52,2026-04-20 14:08:56.231468+00:00
019dab39-0da1-7bc8-b082-4a8c529913e7,thandeka elmi,female,0.73,83,senior,KE,Kenya,0.17,2026-04-20 14:08:56.225836+00:00
019dab39-0d9d-7fe0-883d-28e357f76d5b,segun sidibé,male,0.85,89,senior,ML,Mali,0.26,2026-04-20 14:08:56.221481+00:00
019dab39-0d99-7c5d-907d-7d0d44646f6c,coumba sow,female,0.75,87,senior,SN,Senegal,0.23,2026-04-20 14:08:56.217637+00:00
019dab39-0d95-7a11-a9e3-47050728e165,aminata antwi,female,0.68,78,senior,TG,Togo,0.25,2026-04-20 14:08:56.213494+00:00
019dab39-0d90-7c88-af26-164f8d3b09b6,waweru elmi,male,0.67,21,adult,TZ,Tanzania,0.23,2026-04-20 14:08:56.209046+00:00
019dab39-0d8c-7221-bb18-ba04441cc6ee,adhiambo tesfaye,female,0.69,27,adult,ET,Ethiopia,0.79,2026-04-20 14:08:56.204787+00:00
019dab39-0d88-75c9-9f58-2fa3028f048f,mutua cele,male,0.65,8,child,RW,Rwanda,0.46,2026-04-20 14:08:56.200724+00:00
019dab39-0d84-7b4f-8784-2240f8cf05b2,efua okafor,female,0.82,47,adult,CI,Côte d'Ivoire,0.59,2026-04-20 14:08:56.196495+00:00
019dab39-0d7f-722e-84a3-c1b7c6e9273d,mpho bekele,male,0.79,77,senior,SO,Somalia,0.86,2026-04-20 14:08:56.191403+00:00
019dab39-0d7a-7ebb-855a-d21bf5433331,yaa lokossou,female,0.9,89,senior,CV,Cape Verde,0.8,2026-04-20 14:08:56.186678+00:00
019dab39-0d74-7015-a8fb-a7983b073f52,nokwanda shabalala,female,0.75,41,adult,ZM,Zambia,0.21,2026-04-20 14:08:56.181027+00:00
019dab39-0d6f-78ab-9d07-3f18e0b8d70f,nokwanda cele,female,0.85,81,senior,MZ,Mozambique,0.9,2026-04-20 14:08:56.175749+00:00
019dab39-0d6b-7499-b915-cf4cf4edb6bc,mamadou agyei,male,0.84,49,adult,ML,Mali,0.77,2026-04-20 14:08:56.171424+00:00
019dab39-0d67-70a1-98a3-b0fe4011d31f,nandi cele,female,0.76,84,senior,KE,Kenya,0.59,2026-04-20 14:08:56.167471+00:00
019dab39-0d63-7a2d-833f-a9984ef8767a,michelle scott,female,0.89,88,senior,FR,France,0.48,2026-04-20 14:08:56.163283+00:00
019dab39-0d5e-72a4-bab7-7a2946dd76cf,jeffrey hill,male,0.74,47,adult,GB,United Kingdom,0.52,2026-04-20 14:08:56.158496+00:00
019dab39-0d59-7dfa-a359-2807e411e9cf,paul kabila,male,0.98,18,teenager,CM,Cameroon,0.81,2026-04-20 14:08:56.153604+00:00
019dab39-0d55-729b-85d2-91b7618d06b6,sipho ncube,male,0.93,51,adult,ZA,South Africa,0.29,2026-04-20 14:08:56.149494+00:00
019dab39-0d50-72cb-b977-7b8e88635d17,timothy martin,male,0.88,56,adult,DE,Germany,0.88,2026-04-20 14:08:56.144798+00:00
019dab39-0d4b-7a12-9f5a-46b05043d4fe,zulai shabalala,female,0.91,39,adult,TZ,Tanzania,0.2,2026-04-20 14:08:56.139217+00:00
019dab39-0d46-70f3-b1fc-aafdbcbf54c2,faith sidibé,female,0.68,38,adult,LR,Liberia,0.63,2026-04-20 14:08:56.134320+00:00
019dab39-0d41-752c-ad2e-8a6681dbe062,thomas turner,male,0.68,28,adult,CA,Canada,0.83,2026-04-20 14:08:56.129951+00:00
019dab39-0d3c-788f-9b5f-b2e09ce47ecf,nyasha cele,female,0.79,59,adult,LS,Lesotho,0.35,2026-04-20 14:08:56.124875+00:00
019dab39-0d37-723e-8590-6e27c8b7ceab,ayasha awino,female,0.75,58,adult,ET,Ethiopia,0.33,2026-04-20 14:08:56.119857+00:00
019dab39-0d33-7440-ac85-b79b4369f47a,kobina nikiéma,male,0.88,30,adult,ML,Mali,0.75,2026-04-20 14:08:56.115568+00:00
019dab39-0d2d-794e-aeb5-24db65ceb735,thabo jama,male,0.67,46,adult,BI,Burundi,0.92,2026-04-20 14:08:56.109691+00:00
019dab39-0d29-7347-9bca-f40d61175cfe,getachew abdi,male,0.96,54,adult,UG,Uganda,0.86,2026-04-20 14:08:56.105208+00:00
019dab39-0d24-7ce4-a91e-56221ecef615,ebo adomou,male,0.98,32,adult,BJ,Benin,0.82,2026-04-20 14:08:56.100563+00:00
019dab39-0d1f-7610-b8ae-5f4dfff7cee3,halima hassan,female,0.72,35,adult,SS,South Sudan,0.72,2026-04-20 14:08:56.095578+00:00
019dab39-0d19-739c-bb81-d618fb2dc309,bongani adhiambo,male,0.85,62,senior,UG,Uganda,0.91,2026-04-20 14:08:56.089802+00:00
019dab39-0d14-7d3e-a59f-6dfb89ce04cd,abdi mengistu,male,0.89,18,teenager,ET,Ethiopia,0.45,2026-04-20 14:08:56.084815+00:00
019dab39-0d0e-7428-b03b-c4a181c1ead3,véronique kasavubu,female,0.7,8,child,CD,DR Congo,0.93,2026-04-20 14:08:56.078674+00:00
019dab39-0d07-7a73-a510-9b9d24b93bc7,amara jama,male,0.8,25,adult,KE,Kenya,0.63,2026-04-20 14:08:56.071781+00:00
019dab39-0d01-7285-9d51-9fb0df70c1ca,laila hajji,female,0.98,52,adult,TN,Tunisia,0.27,2026-04-20 14:08:56.065537+00:00
019dab39-0cfc-7187-b186-44b8dd6a527f,adaeze gbessi,female,0.75,19,teenager,NG,Nigeria,0.39,2026-04-20 14:08:56.060403+00:00
019dab39-0cf5-7c99-9576-aeef5d8b977f,lamine mensah,male,0.9,50,adult,SN,Senegal,0.56,2026-04-20 14:08:56.053657+00:00
019dab39-0cec-7c69-b6f4-91e704b17a31,mulu desta,female,0.76,38,adult,ET,Ethiopia,0.48,2026-04-20 14:08:56.044838+00:00
019dab39-0ce4-770f-870d-70ad5c89cbb3,calixte compaoré,male,0.98,43,adult,NG,Nigeria,0.84,2026-04-20 14:08:56.037112+00:00
019dab39-0cde-7ead-8bc5-36a4a5755193,esi darko,female,0.73,46,adult,GH,Ghana,0.56,2026-04-20 14:08:56.030201+00:00
019dab39-0cd6-739e-9638-ecfbbc6f0475,mpho dlamini,male,0.79,44,adult,ZW,Zimbabwe,0.83,2026-04-20 14:08:56.022944+00:00
019dab39-0cd2-74fc-a284-0955a5c9142a,jeanne tshisekedi,female,0.98,5,child,CD,DR Congo,0.53,2026-04-20 14:08:56.018619+00:00
019dab39-0cce-7e0a-94a8-e9b5eb6f85ae,deborah williams,female,0.73,48,adult,BR,Brazil,0.66,2026-04-20 14:08:56.014813+00:00
019dab39-0cc9-7581-ae17-914b13b602e8,bongani tesfaye,male,0.67,16,teenager,SC,Seychelles,0.13,2026-04-20 14:08:56.009676+00:00
019dab39-0cc4-7b79-b637-9104986691a9,lindiwe mthembu,female,0.85,87,senior,AO,Angola,0.4,2026-04-20 14:08:56.004760+00:00
019dab39-0cc0-7874-a42e-8b5ffa6158a6,kimani haile,male,0.92,57,adult,SO,Somalia,0.3,2026-04-20 14:08:56.000801+00:00
019dab39-0cbc-7835-b721-2d413ee3be8b,jeffrey perez,male,0.84,45,adult,JP,Japan,0.34,2026-04-20 14:08:55.996668+00:00
019dab39-0cb6-7ac4-919e-4251408014da,bekele alemu,male,0.89,26,adult,KE,Kenya,0.66,2026-04-20 14:08:55.990827+00:00
019dab39-0cb2-7f49-827e-79ef42867526,nyambura cele,female,0.87,50,adult,TZ,Tanzania,0.56,2026-04-20 14:08:55.986839+00:00
019dab39-0cae-7802-82df-38377060bd74,jama masondo,male,0.85,42,adult,SO,Somalia,0.17,2026-04-20 14:08:55.982781+00:00
019dab39-0caa-7f81-9998-2e97cd56fdbc,favour tchalla,female,0.94,79,senior,NG,Nigeria,0.84,2026-04-20 14:08:55.978700+00:00
019dab39-0ca5-7190-8ff5-d06450e5cb72,ibrahim mthembu,male,0.89,6,child,TZ,Tanzania,0.66,2026-04-20 14:08:55.974057+00:00
019dab39-0ca1-7e93-921b-c80a951f4039,faith compaoré,female,0.84,13,teenager,BF,Burkina Faso,0.89,2026-04-20 14:08:55.969668+00:00
019dab39-0c9d-758c-95be-d98e97a6fc1d,moussa segla,male,0.8,19,teenager,NG,Nigeria,0.56,2026-04-20 14:08:55.965357+00:00
019dab39-0c98-7911-ad5e-7234c23c0358,fatoumata okafor,female,0.95,45,adult,SN,Senegal,0.41,2026-04-20 14:08:55.960628+00:00
019dab39-0c93-7994-8ba1-d611b7653ae6,zanele ouma,female,0.73,14,teenager,ET,Ethiopia,0.38,2026-04-20 14:08:55.955419+00:00
019dab39-0c8e-7547-8710-c5433db1e67a,nyasha mpofu,female,0.68,73,senior,BW,Botswana,0.3,2026-04-20 14:08:55.950860+00:00
019dab39-0c8a-73e6-b380-3fe7b25d7d29,patricia anderson,female,0.76,20,adult,DE,Germany,0.47,2026-04-20 14:08:55.946270+00:00
019dab39-0c84-7daa-abeb-9fceac2e323f,khaled tahir,male,0.99,72,senior,MA,Morocco,0.39,2026-04-20 14:08:55.940781+00:00
019dab39-0c80-7eda-b9ec-cd4959b4c9f1,girma omar,male,0.94,54,adult,UG,Uganda,0.79,2026-04-20 14:08:55.936750+00:00
019dab39-0c7c-7be0-b79e-d52dfbb8c9bc,samuel konaté,male,0.92,22,adult,GH,Ghana,0.75,2026-04-20 14:08:55.932635+00:00
019dab39-0c76-7900-9e51-7704f5beee50,ramatu otieno,female,0.84,28,adult,MZ,Mozambique,0.23,2026-04-20 14:08:55.926214+00:00
019dab39-0c72-7d9e-bf73-0b44bd6e793f,ali njoroge,male,0.89,5,child,MW,Malawi,0.57,2026-04-20 14:08:55.922346+00:00
019dab39-0c6e-7ccb-acd0-080a00e1f62f,kojo amoah,male,0.73,48,adult,CI,Côte d'Ivoire,0.56,2026-04-20 14:08:55.918576+00:00
019dab39-0c6a-7ffa-ba36-a105ce54bf3c,marcel eyeghe,male,0.77,37,adult,CD,DR Congo,0.34,2026-04-20 14:08:55.914346+00:00
019dab39-0c65-7f22-b4e9-1b58a62bb47a,lindiwe dube,female,0.76,51,adult,ZA,South Africa,0.4,2026-04-20 14:08:55.909221+00:00
019dab39-0c61-79c1-93e9-e1d6d7f3be14,tanaka moyo,male,0.76,51,adult,ZA,South Africa,0.64,2026-04-20 14:08:55.905098+00:00
019dab39-0c5c-77e3-b2b3-f2e3d18f9523,maame eze,female,0.88,32,adult,SN,Senegal,0.57,2026-04-20 14:08:55.900793+00:00
019dab39-0c58-7c54-90ce-c6a133e8adfb,hajar filali,female,0.93,22,adult,SD,Sudan,0.1,2026-04-20 14:08:55.897003+00:00
019dab39-0c54-70ca-9fb0-12a056d2a671,mutua kamau,male,0.73,29,adult,RW,Rwanda,0.88,2026-04-20 14:08:55.892423+00:00
019dab39-0c50-7262-a346-4e00e4e48c63,khaled berrada,male,0.92,35,adult,MA,Morocco,0.34,2026-04-20 14:08:55.888687+00:00
019dab39-0c4c-7a2a-aa30-72fc7a520274,steven scott,male,0.78,21,adult,DE,Germany,0.21,2026-04-20 14:08:55.884735+00:00
019dab39-0c48-703b-b656-32b1e246a8d2,coumba chukwu,female,0.95,22,adult,MR,Mauritania,0.8,2026-04-20 14:08:55.880531+00:00
019dab39-0c3f-7c14-a6ad-276d9810b25c,emmanuel afolabi,male,0.87,37,adult,CI,Côte d'Ivoire,0.52,2026-04-20 14:08:55.871926+00:00
019dab39-0c3b-71c4-b1d8-5ba66abf4def,michelle martin,female,0.8,22,adult,BR,Brazil,0.92,2026-04-20 14:08:55.867881+00:00
019dab39-0c37-7b26-a145-21f9fe463272,femi dossou,male,0.92,14,teenager,GM,Gambia,0.88,2026-04-20 14:08:55.863478+00:00
019dab39-0c32-7652-9634-393478864728,munashe nkosi,male,0.82,22,adult,ZA,South Africa,0.68,2026-04-20 14:08:55.858652+00:00
019dab39-0c2e-74cc-8641-86958c662ffa,david white,male,0.81,55,adult,FR,France,0.24,2026-04-20 14:08:55.854387+00:00
019dab39-0c29-7b5b-b78f-30c45d98bc69,nandi abdi,female,0.68,34,adult,MU,Mauritius,0.15,2026-04-20 14:08:55.849911+00:00
019dab39-0c24-7041-ba04-1ee577a889ef,themba girma,male,0.71,8,child,KE,Kenya,0.7,2026-04-20 14:08:55.844594+00:00
019dab39-0c1d-7ee3-be1f-5bc75427e4d2,akua darko,female,0.72,41,adult,GN,Guinea,0.8,2026-04-20 14:08:55.838218+00:00
019dab39-0c18-7822-9c62-da54ed74e004,lindiwe mpofu,female,0.94,90,senior,ZA,South Africa,0.62,2026-04-20 14:08:55.832927+00:00
019dab39-0c14-7a6d-b08e-ec0b21439c89,arsène camara,male,0.88,15,teenager,NG,Nigeria,0.45,2026-04-20 14:08:55.828315+00:00
019dab39-0c0e-778e-b10f-0620dc55cdb4,kathleen adams,female,0.9,28,adult,US,United States,0.46,2026-04-20 14:08:55.822863+00:00
019dab39-0c0a-7e85-8479-0db79776b8a6,njoroge mwangi,male,0.75,43,adult,ET,Ethiopia,0.12,2026-04-20 14:08:55.818700+00:00
019dab39-0c06-7c17-a757-e3b4cec11748,thérèse mukendi,female,0.8,49,adult,TD,Chad,0.43,2026-04-20 14:08:55.814371+00:00
019dab39-0c00-7b60-8157-4db00c99b8ba,mark hounsou,male,0.94,41,adult,CI,Côte d'Ivoire,0.77,2026-04-20 14:08:55.808627+00:00
019dab39-0bfb-7553-86df-df35dd5f3381,tigist abdi,female,0.94,25,adult,RW,Rwanda,0.67,2026-04-20 14:08:55.804113+00:00
019dab39-0bf7-7bb1-9415-52a76052431f,ahmed tazi,male,0.73,32,adult,EG,Egypt,0.31,2026-04-20 14:08:55.799518+00:00
019dab39-0bf1-7af5-8c27-1ef7501d7e23,kadiatou tchalla,female,0.86,50,adult,CI,Côte d'Ivoire,0.13,2026-04-20 14:08:55.793353+00:00
019dab39-0bea-79d9-a5c8-a9e6da6a6a1d,walid el fassi,male,0.85,54,adult,LY,Libya,0.78,2026-04-20 14:08:55.786141+00:00
019dab39-0be3-7cd6-8220-7b128735cb9a,nandi achieng,female,0.83,13,teenager,KE,Kenya,0.36,2026-04-20 14:08:55.779204+00:00
019dab39-0bdb-7552-a595-7e07ea559525,jeanne kabila,female,0.79,22,adult,CF,Central African Republic,0.89,2026-04-20 14:08:55.771844+00:00
019dab39-0bd6-77de-9123-168d9f868cdb,desta dlamini,male,0.91,90,senior,ET,Ethiopia,0.67,2026-04-20 14:08:55.766650+00:00
019dab39-0bcf-7efa-8aa5-b8a8ad9765c7,yaw touré,male,0.85,33,adult,GH,Ghana,0.62,2026-04-20 14:08:55.759794+00:00
019dab39-0bca-71cd-9df1-9bdc804d318c,louis eyeghe,male,0.76,51,adult,CM,Cameroon,0.19,2026-04-20 14:08:55.754554+00:00
019dab39-0bc4-743d-a9e9-ad3126090b8b,serge mensah,male,0.9,53,adult,MR,Mauritania,0.37,2026-04-20 14:08:55.748350+00:00
019dab39-0bbd-782c-9f92-cbaa98990adb,amina tadesse,female,0.71,74,senior,SO,Somalia,0.69,2026-04-20 14:08:55.741531+00:00
019dab39-0bb7-7e6d-b848-513d79363b1f,sarah brown,female,0.82,39,adult,IN,India,0.92,2026-04-20 14:08:55.735598+00:00
019dab39-0bb2-7ad6-badf-e82483df3548,kwame tchalla,male,0.76,39,adult,NG,Nigeria,0.43,2026-04-20 14:08:55.730969+00:00
019dab39-0bad-7b1a-904d-fa972fde2dc5,jeffrey taylor,male,0.89,18,teenager,FR,France,0.89,2026-04-20 14:08:55.725529+00:00
019dab39-0ba9-71da-9251-facf03defc3d,nompumelelo nxumalo,female,0.88,37,adult,MU,Mauritius,0.46,2026-04-20 14:08:55.721237+00:00
019dab39-0ba4-7af0-96e7-bbe4f118c088,kojo chukwu,male,0.72,5,child,NG,Nigeria,0.25,2026-04-20 14:08:55.716662+00:00
019dab39-0b9f-7b3c-ad2f-52a6b454d819,patricia garcia,female,0.65,37,adult,GB,United Kingdom,0.48,2026-04-20 14:08:55.711349+00:00
019dab39-0b9a-772e-bf45-be04f73bef21,véronique kalonji,female,0.78,18,teenager,CM,Cameroon,0.63,2026-04-20 14:08:55.706467+00:00
019dab39-0b96-7e8f-bce0-d194f18673de,david sow,male,0.67,58,adult,BJ,Benin,0.47,2026-04-20 14:08:55.702219+00:00
019dab39-0b91-7143-bfe0-a44e0e93aeac,hélène lumumba,female,0.75,15,teenager,CD,DR Congo,0.67,2026-04-20 14:08:55.697333+00:00
019dab39-0b89-79c2-bdf3-ebdb9e5858cc,djeneba bah,female,0.77,47,adult,GW,Guinea-Bissau,0.62,2026-04-20 14:08:55.689817+00:00
019dab39-0b84-70d7-ba9f-187df3c050c2,ebo adeyemi,male,0.91,29,adult,NG,Nigeria,0.58,2026-04-20 14:08:55.684389+00:00
019dab39-0b7f-7385-8bb8-e4af8119c0c4,favour barro,female,0.99,86,senior,ML,Mali,0.71,2026-04-20 14:08:55.679791+00:00
019dab39-0b7a-7b1a-8a17-de10a95d03ef,younes mansouri,male,0.77,42,adult,MA,Morocco,0.53,2026-04-20 14:08:55.674616+00:00
019dab39-0b75-79d8-9fd2-06ef6dc6a14b,thandiwe mpofu,female,0.94,48,adult,ZW,Zimbabwe,0.45,2026-04-20 14:08:55.669182+00:00
019dab39-0b70-7c88-a1b0-94177d96f46f,mwangi otieno,male,0.87,20,adult,ET,Ethiopia,0.47,2026-04-20 14:08:55.665075+00:00
019dab39-0b6c-7d45-afc7-e39957a1ca55,hassan kamau,male,0.75,32,adult,DJ,Djibouti,0.77,2026-04-20 14:08:55.660503+00:00
019dab39-0b67-7dad-8719-97951e055c89,ibrahim mohamed,male,0.69,32,adult,MU,Mauritius,0.21,2026-04-20 14:08:55.655288+00:00
019dab39-0b62-7e75-b565-1f366fca87dc,melissa williams,female,0.78,32,adult,BR,Brazil,0.12,2026-04-20 14:08:55.650612+00:00
019dab39-0b5c-7e24-97f3-f4e28ecd3dad,marie ondimba,female,0.84,31,adult,CG,Republic of the Congo,0.9,2026-04-20 14:08:55.644973+00:00
019dab39-0b57-7ec8-82f2-0fcb7cfa7f90,bekele achieng,male,0.89,43,adult,KE,Kenya,0.11,2026-04-20 14:08:55.639857+00:00
019dab39-0b52-7848-be1c-b08ae13be233,maame chukwu,female,0.89,77,senior,TG,Togo,0.47,2026-04-20 14:08:55.634135+00:00
019dab39-0b4d-7c09-bb0d-aea77243b6e5,amadou antwi,male,0.73,27,adult,EH,Western Sahara,0.71,2026-04-20 14:08:55.629973+00:00
019dab39-0b49-7fd7-82ac-3eecd590ded2,john johnson,male,0.66,80,senior,FR,France,0.16,2026-04-20 14:08:55.625295+00:00
019dab39-0b45-7da3-b0a9-d2fedd857594,farah masondo,male,0.97,88,senior,MZ,Mozambique,0.48,2026-04-20 14:08:55.621294+00:00
019dab39-0b41-7674-a9c8-e984cb0d62cc,takudzwa ncube,male,0.85,17,teenager,ST,São Tomé and Príncipe,0.5,2026-04-20 14:08:55.617353+00:00
019dab39-0b3d-71c8-aa23-4230bdf00ccf,themba ncube,male,0.8,40,adult,ZA,South Africa,0.48,2026-04-20 14:08:55.613165+00:00
019dab39-0b38-7b36-90bf-dc2c896e9c22,mazvita moyo,female,0.88,51,adult,AO,Angola,0.14,2026-04-20 14:08:55.608462+00:00
019dab39-0b34-71f4-a50d-5eadc78c9bad,barbara davis,female,0.69,43,adult,BR,Brazil,0.77,2026-04-20 14:08:55.604584+00:00
019dab39-0b30-7f9a-a996-163199911243,bekele tesfaye,male,0.85,78,senior,MZ,Mozambique,0.12,2026-04-20 14:08:55.600122+00:00
019dab39-0b2b-7d5f-9a86-66b3a570ec35,lamine sow,male,0.88,27,adult,SN,Senegal,0.83,2026-04-20 14:08:55.595863+00:00
019dab39-0b26-732f-89fb-a8992b3200f0,adwoa ouédraogo,female,0.8,31,adult,ML,Mali,0.75,2026-04-20 14:08:55.590368+00:00
019dab39-0b22-7d5a-848e-7a4eb0fa1365,awino ndlovu,female,0.84,39,adult,KE,Kenya,0.7,2026-04-20 14:08:55.586152+00:00
019dab39-0b1d-73b9-80ab-cbfdf2cc3540,kariuki adhiambo,male,0.83,58,adult,UG,Uganda,0.8,2026-04-20 14:08:55.581474+00:00
019dab39-0b17-722f-a834-d326170f76e1,samuel boateng,male,0.75,14,teenager,SN,Senegal,0.36,2026-04-20 14:08:55.576454+00:00
019dab39-0b12-7496-a829-9b6d1f80a246,abena adeyemi,female,0.68,64,senior,EH,Western Sahara,0.59,2026-04-20 14:08:55.570753+00:00
019dab39-0b0d-723c-967d-719e0148cf2f,chipo mthembu,female,0.91,90,senior,SZ,Eswatini,0.57,2026-04-20 14:08:55.565179+00:00
019dab39-0b06-7b95-b36a-b86d6112a104,jacques mobutu,male,0.76,12,child,CM,Cameroon,0.29,2026-04-20 14:08:55.558935+00:00
019dab39-0b01-774b-a52c-bd509137429b,joy tchalla,female,0.66,7,child,GH,Ghana,0.31,2026-04-20 14:08:55.553808+00:00
019dab39-0afc-7809-8a14-aa9506688085,wairimu shabalala,female,0.7,30,adult,KE,Kenya,0.87,2026-04-20 14:08:55.548734+00:00
019dab39-0af5-78dc-bd84-fb18434feccc,margaret adams,female,0.71,27,adult,DE,Germany,0.18,2026-04-20 14:08:55.542003+00:00
019dab39-0aef-79e2-b68a-1b0b999d965e,tariq khatib,male,0.66,14,teenager,DZ,Algeria,0.69,2026-04-20 14:08:55.536064+00:00
019dab39-0aeb-77ed-82d6-cbe6dd32aeda,bilkisu adhiambo,female,0.83,17,teenager,TZ,Tanzania,0.23,2026-04-20 14:08:55.531368+00:00
019dab39-0ae4-763b-add1-0b9943bf4f4d,takoda girma,male,0.95,53,adult,DJ,Djibouti,0.69,2026-04-20 14:08:55.525077+00:00
019dab39-0adf-70f1-bc5f-9eb2e74f4de8,girma abdi,male,0.79,14,teenager,TZ,Tanzania,0.27,2026-04-20 14:08:55.519831+00:00
019dab39-0ada-739e-bf9c-358ef59dab27,siham saidi,female,0.7,43,adult,EG,Egypt,0.91,2026-04-20 14:08:55.515011+00:00
019dab39-0ad5-76a9-a4d9-f2b87335ce2f,zanele nkosi,female,0.71,27,adult,MG,Madagascar,0.41,2026-04-20 14:08:55.509281+00:00
019dab39-0acd-7d7e-9a15-fd6a65a7e0fd,abdi hassan,male,0.75,44,adult,MG,Madagascar,0.84,2026-04-20 14:08:55.501709+00:00
019dab39-0ac6-792a-97fe-ac52a0628d88,ebo tchalla,male,0.69,89,senior,SN,Senegal,0.77,2026-04-20 14:08:55.495126+00:00
019dab39-0ac0-79c4-959e-8cf221675209,girma mthembu,male,0.98,39,adult,RW,Rwanda,0.62,2026-04-20 14:08:55.488354+00:00
019dab39-0aba-70b7-a4cf-d50600cc95ee,dorothy green,female,0.84,59,adult,US,United States,0.74,2026-04-20 14:08:55.482450+00:00
019dab39-0ab0-78bf-b4b5-a19984b2fa87,fatoumata hounsou,female,0.8,51,adult,LR,Liberia,0.75,2026-04-20 14:08:55.473091+00:00
019dab39-0aac-7a6c-af65-b650ac78a0b1,david lokossou,male,0.66,31,adult,BJ,Benin,0.52,2026-04-20 14:08:55.468440+00:00
019dab39-0aa6-7669-a833-5074fc7d8dbc,akua owusu,female,0.72,10,child,NG,Nigeria,0.51,2026-04-20 14:08:55.463178+00:00
019dab39-0aa0-757e-8fda-58bdbdc3e5e8,hauwa ahmed,female,0.81,89,senior,KE,Kenya,0.91,2026-04-20 14:08:55.456739+00:00
019dab39-0a9b-749b-8a87-ed452409e773,wanja omar,female,0.83,52,adult,ET,Ethiopia,0.56,2026-04-20 14:08:55.451435+00:00
019dab39-0a96-7b29-b2dd-0ade15fa7392,zodwa mohamed,female,0.89,47,adult,SS,South Sudan,0.65,2026-04-20 14:08:55.446499+00:00
019dab39-0a90-774e-8c0b-95fe28f15723,munashe dlamini,male,0.82,81,senior,BW,Botswana,0.37,2026-04-20 14:08:55.440858+00:00
019dab39-0a8c-70bd-8cd2-480c043f0f67,thandeka abebe,female,0.79,47,adult,UG,Uganda,0.81,2026-04-20 14:08:55.436897+00:00
019dab39-0a88-746b-a461-0fa4c15f9bc3,kwame compaoré,male,0.98,7,child,BJ,Benin,0.21,2026-04-20 14:08:55.432721+00:00
019dab39-0a84-7fb1-acac-3ff9e6fdeb9e,nadia berrada,female,0.95,13,teenager,EG,Egypt,0.42,2026-04-20 14:08:55.428836+00:00
019dab39-0a7f-790f-bfc1-33cc3d2ac237,nadia tazi,female,0.76,27,adult,MA,Morocco,0.5,2026-04-20 14:08:55.423259+00:00
019dab39-0a7a-75a2-ac77-eaf0af694e23,estelle barro,female,0.77,11,child,CI,Côte d'Ivoire,0.55,2026-04-20 14:08:55.419035+00:00
019dab39-0a75-7cfb-ad55-5f6be5d54b6b,nandi elmi,female,0.76,34,adult,ET,Ethiopia,0.53,2026-04-20 14:08:55.414215+00:00
019dab39-0a6f-7589-a404-3c4b75ef848c,astou nwosu,female,0.84,62,senior,NG,Nigeria,0.86,2026-04-20 14:08:55.407733+00:00
019dab39-0a69-70ee-96c5-82755c90fd30,jeffrey carter,male,0.74,47,adult,US,United States,0.6,2026-04-20 14:08:55.402026+00:00
019dab39-0a63-701a-a271-13d941d2cad4,nompumelelo mwangi,female,0.69,83,senior,RW,Rwanda,0.75,2026-04-20 14:08:55.395771+00:00
019dab39-0a5d-738c-94f0-85703d75e31b,oumou nikiéma,female,0.92,83,senior,SN,Senegal,0.69,2026-04-20 14:08:55.390042+00:00
019dab39-0a59-7a25-98a3-69cd0fc4fe95,adhiambo desta,female,0.85,48,adult,UG,Uganda,0.49,2026-04-20 14:08:55.385626+00:00
019dab39-0a54-7dff-bb16-f6dad6d18285,jason williams,male,0.97,39,adult,BR,Brazil,0.25,2026-04-20 14:08:55.380800+00:00
019dab39-0a4f-71fc-a659-6fecdd405466,françois kabila,male,0.95,76,senior,TD,Chad,0.19,2026-04-20 14:08:55.375759+00:00
019dab39-0a4a-7cc9-b42a-167e785b38b9,george miller,male,0.91,66,senior,IN,India,0.91,2026-04-20 14:08:55.370857+00:00
019dab39-0a45-7bf8-aabc-7ccbec1b009f,sara chraibi,female,0.78,30,adult,EG,Egypt,0.13,2026-04-20 14:08:55.365649+00:00
019dab39-0a3f-7674-b5f1-1f58a017ac63,didier agbodji,male,0.69,15,teenager,BJ,Benin,0.54,2026-04-20 14:08:55.359794+00:00
019dab39-0a39-73eb-8c4a-caf0f897ca72,sarah thomas,female,0.98,51,adult,GB,United Kingdom,0.84,2026-04-20 14:08:55.353981+00:00
019dab39-0a34-7404-881f-897decb1f425,sekai moyo,female,0.88,34,adult,LS,Lesotho,0.16,2026-04-20 14:08:55.348290+00:00
019dab39-0a2e-789b-8e0a-016b6194badb,alemu kamau,male,0.73,41,adult,KE,Kenya,0.27,2026-04-20 14:08:55.342642+00:00
019dab39-0a29-707a-8400-9497e665902d,omar girma,male,0.87,38,adult,KM,Comoros,0.94,2026-04-20 14:08:55.337585+00:00
019dab39-0a24-71fb-82d7-f7bd80af9943,amanda brown,female,0.88,6,child,FR,France,0.16,2026-04-20 14:08:55.332835+00:00
019dab39-0a20-7a4b-9252-97d2601835d1,awino achieng,female,0.98,46,adult,MZ,Mozambique,0.4,2026-04-20 14:08:55.328683+00:00
019dab39-0a1b-79f5-9ba6-3e0768885410,hirut farah,female,0.78,44,adult,SS,South Sudan,0.87,2026-04-20 14:08:55.323558+00:00
019dab39-0a17-7cd8-ab89-cf12ed0090cc,hauwa tesfaye,female,0.9,28,adult,TZ,Tanzania,0.87,2026-04-20 14:08:55.319346+00:00
019dab39-0a12-7b1f-9049-856972660375,john baker,male,0.75,54,adult,JP,Japan,0.44,2026-04-20 14:08:55.314995+00:00
019dab39-0a0d-7420-b45f-2ad4be68b39e,akua adomou,female,0.79,49,adult,CV,Cape Verde,0.44,2026-04-20 14:08:55.309463+00:00
019dab39-0a08-7f44-8d92-462ef7c12846,abdou sow,male,0.76,90,senior,GW,Guinea-Bissau,0.27,2026-04-20 14:08:55.304555+00:00
019dab39-0a03-7d43-ade3-5afbe858fadd,tsitsi tshuma,female,0.68,39,adult,ZA,South Africa,0.89,2026-04-20 14:08:55.299590+00:00
019dab39-09ff-77a7-bb74-fe0ebf1914f1,wanjiru omar,female,0.74,18,teenager,UG,Uganda,0.82,2026-04-20 14:08:55.295473+00:00
019dab39-09fa-7815-8ab8-d9df934e192c,melissa harris,female,0.78,10,child,CA,Canada,0.68,2026-04-20 14:08:55.290462+00:00
019dab39-09f5-73d1-bad8-5ed40e5a2575,tigist mnguni,female,0.79,76,senior,MU,Mauritius,0.55,2026-04-20 14:08:55.285946+00:00
019dab39-09f0-782c-bbce-9a7d69380872,mark baker,male,0.71,23,adult,BR,Brazil,0.35,2026-04-20 14:08:55.280311+00:00
019dab39-09eb-7419-9a13-63601cdcded3,richard asante,male,0.68,45,adult,SN,Senegal,0.42,2026-04-20 14:08:55.275964+00:00
019dab39-09e6-7a30-b69e-241c4ff1d6fa,dorothy garcia,female,0.83,50,adult,GB,United Kingdom,0.15,2026-04-20 14:08:55.270856+00:00
019dab39-09e2-736e-a88c-daa34f8202e1,yaw kaboré,male,0.8,42,adult,BJ,Benin,0.79,2026-04-20 14:08:55.266520+00:00
019dab39-09dd-7375-974e-ab548051735d,getachew tadesse,male,0.74,8,child,ET,Ethiopia,0.87,2026-04-20 14:08:55.261714+00:00
019dab39-09d8-7685-b9a6-cd20b0903b52,thandiwe nyoni,female,0.91,42,adult,ZM,Zambia,0.48,2026-04-20 14:08:55.256123+00:00
019dab39-09d4-7b70-885c-c8fdc321bcb5,david amoah,male,0.87,40,adult,NG,Nigeria,0.17,2026-04-20 14:08:55.252191+00:00
019dab39-09d0-7299-bbc8-840eb4b17e3c,marcel ondimba,male,0.78,44,adult,CD,DR Congo,0.31,2026-04-20 14:08:55.248354+00:00
019dab39-09cb-758a-9635-ebebab4fb39a,efua gbessi,female,0.95,58,adult,BJ,Benin,0.93,2026-04-20 14:08:55.243218+00:00
019dab39-09c6-7079-8474-a7ef23eb9bdf,lisa young,female,0.76,21,adult,JP,Japan,0.42,2026-04-20 14:08:55.238367+00:00
019dab39-09c2-77f7-abc2-d5c18e8fe5ae,aminata okafor,female,0.94,40,adult,BJ,Benin,0.53,2026-04-20 14:08:55.234393+00:00
019dab39-09be-745f-ab5a-85df0e0e6a3d,akua babatunde,female,0.84,23,adult,NG,Nigeria,0.45,2026-04-20 14:08:55.230189+00:00
019dab39-09b8-7bd8-aa63-e9acace8ea12,ramatu abebe,female,0.68,78,senior,MZ,Mozambique,0.27,2026-04-20 14:08:55.225047+00:00
019dab39-09b4-7188-8450-9077189eb79b,yaa agbodji,female,0.68,19,teenager,ML,Mali,0.64,2026-04-20 14:08:55.220856+00:00
019dab39-09af-7000-8026-4cfc665c25f4,yaa zinsou,female,0.83,25,adult,SN,Senegal,0.3,2026-04-20 14:08:55.215615+00:00
019dab39-09a8-7003-9a72-fd6979b7b6ab,nomsa nkosi,female,0.91,18,teenager,ZA,South Africa,0.21,2026-04-20 14:08:55.208259+00:00
019dab39-09a2-780a-a0c7-689c90b2ea0a,munashe mhlanga,male,0.98,42,adult,ZM,Zambia,0.93,2026-04-20 14:08:55.202523+00:00
019dab39-099c-7ff5-8915-052205921160,zulai tadesse,female,0.77,23,adult,KE,Kenya,0.62,2026-04-20 14:08:55.196578+00:00
019dab39-0995-7a7b-960c-edbb1000c789,robert edwards,male,0.96,34,adult,JP,Japan,0.62,2026-04-20 14:08:55.189746+00:00
019dab39-0991-7a3d-98af-4de379efdc7d,hajar khalil,female,0.77,21,adult,TN,Tunisia,0.58,2026-04-20 14:08:55.185604+00:00
019dab39-098d-7e2f-88b1-e6dd450a0118,thandeka mnguni,female,0.87,10,child,TZ,Tanzania,0.41,2026-04-20 14:08:55.181869+00:00
019dab39-0987-7650-a657-b6841a8eec20,sizwe nyoni,male,0.73,51,adult,AO,Angola,0.62,2026-04-20 14:08:55.175717+00:00
019dab39-0983-7eed-b259-3a74d2d0b39f,mengistu hassan,male,0.92,15,teenager,KE,Kenya,0.47,2026-04-20 14:08:55.171668+00:00
019dab39-097f-7d0e-acab-1cb0937c5ae0,patient nkoghe,male,0.98,32,adult,CD,DR Congo,0.82,2026-04-20 14:08:55.167794+00:00
019dab39-097b-7571-86fa-e5e42f750c19,rania tazi,female,0.9,47,adult,EG,Egypt,0.27,2026-04-20 14:08:55.163272+00:00
019dab39-0975-794d-b8ee-10951f56128a,lindiwe kamau,female,0.65,58,adult,KE,Kenya,0.2,2026-04-20 14:08:55.157958+00:00
019dab39-0971-7a22-8916-c4053d375b31,mamadou nwosu,male,0.84,52,adult,BJ,Benin,0.17,2026-04-20 14:08:55.154033+00:00
019dab39-096e-78bc-8a91-7b6f07bef635,kunle konaté,male,0.82,86,senior,GH,Ghana,0.83,2026-04-20 14:08:55.150101+00:00
019dab39-0969-7035-947d-cbcdcbde7974,nyambura khumalo,female,0.8,18,teenager,ET,Ethiopia,0.59,2026-04-20 14:08:55.145940+00:00
019dab39-0965-7d9f-a00f-99ee13baf3d0,daniel kponton,male,0.89,15,teenager,GH,Ghana,0.7,2026-04-20 14:08:55.141581+00:00
019dab39-0961-7a9b-8110-bd160ecfd971,blessing eze,female,0.65,37,adult,EH,Western Sahara,0.34,2026-04-20 14:08:55.137667+00:00
019dab39-095d-75a6-a946-d552a72143c8,alexis nwosu,male,0.94,53,adult,CI,Côte d'Ivoire,0.34,2026-04-20 14:08:55.133679+00:00
019dab39-0959-7044-968b-201e3d11461d,farah mwangi,male,0.87,38,adult,ET,Ethiopia,0.93,2026-04-20 14:08:55.129529+00:00
019dab39-0954-772a-9f71-46422fcf068f,hervé okafor,male,0.92,33,adult,GH,Ghana,0.54,2026-04-20 14:08:55.124712+00:00
019dab39-0950-742e-95a6-e1edc0796c27,bongani awino,male,0.67,79,senior,MW,Malawi,0.78,2026-04-20 14:08:55.120497+00:00
019dab39-094c-737f-ba4d-8bb43aac1c25,florentine okonkwo,female,0.8,44,adult,CI,Côte d'Ivoire,0.71,2026-04-20 14:08:55.116467+00:00
019dab39-0947-7c67-a6f7-b0be1cb71f99,mercy asante,female,0.82,5,child,NG,Nigeria,0.79,2026-04-20 14:08:55.111922+00:00
019dab39-0943-757f-8a04-c6e270c79e2e,amina ahmed,female,0.9,85,senior,ET,Ethiopia,0.52,2026-04-20 14:08:55.107263+00:00
019dab39-093e-71d3-9563-9b5ab6a3e6f9,lisa williams,female,0.72,48,adult,FR,France,0.6,2026-04-20 14:08:55.102537+00:00
019dab39-093a-7122-a081-9dc5c39a6f97,kojo zongo,male,0.71,80,senior,BJ,Benin,0.61,2026-04-20 14:08:55.098125+00:00
019dab39-0934-7bea-b4a0-97dded52492f,bintou agyei,female,0.86,83,senior,NG,Nigeria,0.19,2026-04-20 14:08:55.092500+00:00
019dab39-092f-72bf-8774-e8963af40081,dorothy carter,female,0.81,53,adult,FR,France,0.72,2026-04-20 14:08:55.087601+00:00
019dab39-092a-7678-822a-852ab8dc352b,providence bomboko,female,0.98,53,adult,CM,Cameroon,0.7,2026-04-20 14:08:55.083059+00:00
019dab39-0925-717a-b149-3a6d3e19a657,mumbi bekele,female,0.77,57,adult,UG,Uganda,0.55,2026-04-20 14:08:55.077741+00:00
019dab39-091f-7668-8e2a-d2e19bcfc64f,bongani cele,male,0.88,66,senior,KE,Kenya,0.15,2026-04-20 14:08:55.072048+00:00
019dab39-091b-7e22-87a6-3e3c296ba2fc,haile mohamed,male,0.84,41,adult,TZ,Tanzania,0.77,2026-04-20 14:08:55.067883+00:00
019dab39-0916-77c2-b41b-f9b63adcf2e8,adjoua dossou,female,0.66,18,teenager,GH,Ghana,0.21,2026-04-20 14:08:55.062936+00:00
019dab39-0910-7df1-b9fe-79f59e0af347,mwangi masondo,male,0.82,21,adult,ET,Ethiopia,0.23,2026-04-20 14:08:55.056756+00:00
019dab39-090b-72c6-8a03-1c153b1b70f8,nompumelelo odhiambo,female,0.85,25,adult,RW,Rwanda,0.8,2026-04-20 14:08:55.051724+00:00
019dab39-0904-74eb-80b9-dd96e0f22078,afia camara,female,0.77,59,adult,GH,Ghana,0.66,2026-04-20 14:08:55.045110+00:00
019dab39-08ff-74c5-9be4-29afe86655f9,yeshi nxumalo,female,0.66,8,child,TZ,Tanzania,0.85,2026-04-20 14:08:55.039506+00:00
019dab39-08fa-73c0-bcb3-7b0305a0a7bc,gloire kabila,female,0.74,71,senior,TD,Chad,0.45,2026-04-20 14:08:55.034638+00:00
019dab39-08f6-7779-819b-1100a83c1b24,zodwa tshuma,female,0.75,49,adult,ZA,South Africa,0.56,2026-04-20 14:08:55.030243+00:00
019dab39-08f1-73aa-9ad0-d76c62eb3b64,simba nxumalo,male,0.67,86,senior,ZW,Zimbabwe,0.65,2026-04-20 14:08:55.025267+00:00
019dab39-08ec-7c73-845a-88019946b180,amenan tchalla,female,0.95,41,adult,EH,Western Sahara,0.27,2026-04-20 14:08:55.021032+00:00
019dab39-08e8-7460-88a5-d1f265eecc80,nancy garcia,female,0.66,27,adult,CN,China,0.67,2026-04-20 14:08:55.016838+00:00
019dab39-08e3-79da-b3dd-bdd7a1af4501,jeanne lumumba,female,0.94,81,senior,GA,Gabon,0.54,2026-04-20 14:08:55.011598+00:00
019dab39-08dd-7e1d-92a8-c92afcb0630b,adhiambo adhiambo,female,0.74,87,senior,ET,Ethiopia,0.81,2026-04-20 14:08:55.005886+00:00
019dab39-08d9-72c9-bacc-7ea5abf1df3c,nana zinsou,male,0.78,46,adult,ML,Mali,0.11,2026-04-20 14:08:55.001454+00:00
019dab39-08d4-752e-a542-cb466a251f48,jama abdi,male,0.88,54,adult,ET,Ethiopia,0.76,2026-04-20 14:08:54.996981+00:00
019dab39-08ce-7302-98a8-5f5af25639ba,serge adomou,male,0.91,43,adult,SL,Sierra Leone,0.68,2026-04-20 14:08:54.990211+00:00
019dab39-08c8-74a0-a976-33870326686e,hyacinthe mboumba,male,0.71,35,adult,CM,Cameroon,0.49,2026-04-20 14:08:54.984451+00:00
019dab39-08b8-7618-a3c9-c3633513f39d,bintou ouédraogo,female,0.74,32,adult,CI,Côte d'Ivoire,0.51,2026-04-20 14:08:54.969004+00:00
019dab39-08a9-7d81-a573-6534b32ae368,rudo mthembu,male,0.86,28,adult,ZA,South Africa,0.93,2026-04-20 14:08:54.953341+00:00
019dab39-0896-716a-ac54-6a8bcf23fd4d,dina berrada,female,0.94,19,teenager,SD,Sudan,0.54,2026-04-20 14:08:54.934300+00:00
019dab39-0885-7d7a-8e0e-fb430c5f7d7c,grâce ouédraogo,female,0.85,49,adult,NG,Nigeria,0.2,2026-04-20 14:08:54.917662+00:00
019dab39-087a-7504-9904-c8cd17cbf61f,rakiya ndlovu,female,0.88,34,adult,UG,Uganda,0.24,2026-04-20 14:08:54.906787+00:00
019dab39-0876-720e-b17b-da5cf97746e6,kamau ahmed,male,0.73,17,teenager,TZ,Tanzania,0.14,2026-04-20 14:08:54.902583+00:00
019dab39-0871-7105-9b46-fbe92a2c3987,wangari awino,female,0.76,50,adult,BI,Burundi,0.31,2026-04-20 14:08:54.898074+00:00
019dab39-086a-7693-be75-89bb6aedef8e,njoroge adhiambo,male,0.89,50,adult,MZ,Mozambique,0.5,2026-04-20 14:08:54.890876+00:00
019dab39-0865-74ef-b5e6-4999a1aaebde,cheikh hounsou,male,0.94,28,adult,CI,Côte d'Ivoire,0.26,2026-04-20 14:08:54.885275+00:00
019dab39-085f-7b79-8194-1b38f80efd02,espérance bomboko,female,0.93,68,senior,CD,DR Congo,0.52,2026-04-20 14:08:54.879663+00:00
019dab39-0859-7d8a-ae4a-db892fccfc6b,michael okafor,male,0.89,66,senior,SN,Senegal,0.69,2026-04-20 14:08:54.873761+00:00
019dab39-0854-7338-8c9f-3b861503a6e6,ouma bekele,male,0.86,33,adult,ET,Ethiopia,0.16,2026-04-20 14:08:54.868621+00:00
019dab39-0850-77d4-aab4-018051ca737c,oumar dossou,male,0.83,33,adult,NG,Nigeria,0.66,2026-04-20 14:08:54.864423+00:00
019dab39-084a-75f6-bcae-8e8ae2992845,tariro nxumalo,female,0.69,50,adult,ZW,Zimbabwe,0.49,2026-04-20 14:08:54.858410+00:00
019dab39-0846-7236-935f-27051a255c16,maame osei,female,0.87,53,adult,SN,Senegal,0.52,2026-04-20 14:08:54.854508+00:00
019dab39-0842-7c42-8c2b-32f9645026c9,nompumelelo tshuma,female,0.67,44,adult,ZM,Zambia,0.65,2026-04-20 14:08:54.850602+00:00
019dab39-083c-7e54-8a64-7f1e6f27c87b,walid berrada,male,0.85,7,child,EG,Egypt,0.29,2026-04-20 14:08:54.845381+00:00
019dab39-0837-7db1-9a12-f42d4c44d20d,kadiatou tapsoba,female,0.76,15,teenager,GW,Guinea-Bissau,0.41,2026-04-20 14:08:54.839334+00:00
019dab39-0833-7b61-b3f9-d66750ab7c69,dina tahir,female,0.87,13,teenager,SD,Sudan,0.89,2026-04-20 14:08:54.835368+00:00
019dab39-082f-71c0-b458-d629ea9b4f0c,adwoa barro,female,0.85,50,adult,SN,Senegal,0.85,2026-04-20 14:08:54.831511+00:00
019dab39-082a-749b-9d8b-d4badd97f335,tsitsi mhlanga,female,0.73,22,adult,AO,Angola,0.81,2026-04-20 14:08:54.826797+00:00
019dab39-0826-7b0a-adbb-4100f0d47779,honorine barro,female,0.94,90,senior,GW,Guinea-Bissau,0.53,2026-04-20 14:08:54.822235+00:00
019dab39-0822-7436-8726-e717d526cbcc,célestin nguema,male,0.93,30,adult,CD,DR Congo,0.33,2026-04-20 14:08:54.818416+00:00
019dab39-081e-7f11-aad7-bf329ec79da2,chérie mobutu,female,0.68,77,senior,CD,DR Congo,0.44,2026-04-20 14:08:54.814561+00:00
019dab39-0819-7e1d-8a0c-b281252c5dfd,bongiwe ndlovu,female,0.77,34,adult,AO,Angola,0.24,2026-04-20 14:08:54.809252+00:00
019dab39-0815-75a4-8c26-561c19cd4b41,mulu waweru,female,0.83,66,senior,RW,Rwanda,0.65,2026-04-20 14:08:54.805455+00:00
019dab39-0811-734f-9e34-8068ff6597e2,nandi shabalala,female,0.84,54,adult,ZA,South Africa,0.78,2026-04-20 14:08:54.801618+00:00
019dab39-080d-7bb1-b984-e362f016c422,maryam tesfaye,female,0.79,24,adult,KE,Kenya,0.64,2026-04-20 14:08:54.797443+00:00
019dab39-0807-7544-b9c2-3a5aaa8e1451,aminata tchalla,female,0.75,11,child,NG,Nigeria,0.65,2026-04-20 14:08:54.791302+00:00
019dab39-0803-7d60-b2ed-fa821c8739f3,aminata bah,female,0.85,87,senior,EH,Western Sahara,0.3,2026-04-20 14:08:54.787408+00:00
019dab39-07ff-7275-90a6-0096b4c44eb5,bayo hounsou,male,0.76,48,adult,BF,Burkina Faso,0.73,2026-04-20 14:08:54.783270+00:00
019dab39-07fa-77f9-9331-7a38861285ed,claire mukendi,female,0.89,77,senior,CM,Cameroon,0.39,2026-04-20 14:08:54.778760+00:00
019dab39-07f5-75f3-9fc9-eabb8f9fa79f,maame zinsou,female,0.68,59,adult,BJ,Benin,0.84,2026-04-20 14:08:54.773121+00:00
019dab39-07f1-76bb-9990-f2abee8aa936,michael thomas,male,0.71,47,adult,AU,Australia,0.91,2026-04-20 14:08:54.769299+00:00
019dab39-07ed-7998-a655-9508033fed9e,zodwa dlamini,female,0.66,43,adult,ZM,Zambia,0.16,2026-04-20 14:08:54.765295+00:00
019dab39-07e8-7eda-a19b-8331e0a6d5cf,rakiya alemu,female,0.87,40,adult,RW,Rwanda,0.52,2026-04-20 14:08:54.760492+00:00
019dab39-07e3-708e-876a-8020cb582a86,amanda nguyen,female,0.74,28,adult,FR,France,0.68,2026-04-20 14:08:54.755639+00:00
019dab39-07df-7416-9adf-36635fe47ea7,thomas jackson,male,0.94,36,adult,AU,Australia,0.6,2026-04-20 14:08:54.751634+00:00
019dab39-07db-7ef9-957e-ff28fa80179c,providence obiang,female,0.94,84,senior,CD,DR Congo,0.27,2026-04-20 14:08:54.747393+00:00
019dab39-07d4-76b7-a5ad-e549eb847e7a,rakiya ouma,female,0.75,56,adult,MZ,Mozambique,0.43,2026-04-20 14:08:54.740988+00:00
019dab39-07d0-7c24-bd88-e4ab1c7cd447,emeka olawale,male,0.99,22,adult,GH,Ghana,0.31,2026-04-20 14:08:54.736465+00:00
019dab39-07cb-7c54-8e4f-b32cc2063386,auxilia shabalala,female,0.92,73,senior,BW,Botswana,0.53,2026-04-20 14:08:54.731695+00:00
019dab39-07c5-7658-bba2-02eccd7a15a5,haile warsame,male,0.92,53,adult,UG,Uganda,0.9,2026-04-20 14:08:54.725365+00:00
019dab39-07bf-797f-803a-5d2f26c9cb5c,nyambura desta,female,0.83,57,adult,UG,Uganda,0.73,2026-04-20 14:08:54.719776+00:00
019dab39-07ba-7792-92f8-0878c55ee91f,siham kettani,female,0.66,90,senior,EG,Egypt,0.29,2026-04-20 14:08:54.714157+00:00
019dab39-07b3-7a82-8333-6ea8219f8c74,daniel jackson,male,0.72,8,child,US,United States,0.33,2026-04-20 14:08:54.707927+00:00
019dab39-07ae-7a93-9938-126126ca2c14,sarah wright,female,0.9,67,senior,US,United States,0.79,2026-04-20 14:08:54.703104+00:00
019dab39-07a9-7ee4-a689-45063411fe63,matthew torres,male,0.73,7,child,CA,Canada,0.45,2026-04-20 14:08:54.697346+00:00
019dab39-07a3-743d-bb85-48feee77fdfe,sizwe mhlanga,male,0.93,20,adult,ZW,Zimbabwe,0.65,2026-04-20 14:08:54.691806+00:00
019dab39-079f-74d4-bdb7-a5b376028a5b,nadia amrani,female,0.73,11,child,EG,Egypt,0.11,2026-04-20 14:08:54.687455+00:00
019dab39-079b-7f5a-bdcd-8593bdcaec94,ali abdi,male,0.97,78,senior,MZ,Mozambique,0.74,2026-04-20 14:08:54.683655+00:00
019dab39-0797-7307-988d-a7af899d93e7,emily wilson,female,0.89,72,senior,IN,India,0.65,2026-04-20 14:08:54.679726+00:00
019dab39-0791-70d0-ab96-b9848c3655b9,honorine kponton,female,0.78,8,child,CI,Côte d'Ivoire,0.2,2026-04-20 14:08:54.673876+00:00
019dab39-078d-7aa7-8549-99033f1d3016,rumbidzai mhlanga,female,0.76,72,senior,ZA,South Africa,0.46,2026-04-20 14:08:54.669141+00:00
019dab39-0788-7c5d-81cb-ad07a523bc33,oumou hounsou,female,0.77,75,senior,CI,Côte d'Ivoire,0.53,2026-04-20 14:08:54.664735+00:00
019dab39-0782-7fcf-94c9-a285cf81044a,kadiatou traoré,female,0.89,31,adult,NG,Nigeria,0.27,2026-04-20 14:08:54.658474+00:00
019dab39-077c-763f-b527-714fa57ece77,ifeoma agbodji,female,0.84,54,adult,NG,Nigeria,0.31,2026-04-20 14:08:54.652815+00:00
019dab39-0778-7013-8d7f-e260e9bd4e12,bongani dube,male,0.95,62,senior,ZA,South Africa,0.2,2026-04-20 14:08:54.648275+00:00
019dab39-0770-74b8-9686-624b5f8bbf33,nabil el fassi,male,0.69,25,adult,TN,Tunisia,0.21,2026-04-20 14:08:54.640914+00:00
019dab39-076d-755d-9496-5f93d68f7f7b,rudo ncube,female,0.74,50,adult,ZA,South Africa,0.85,2026-04-20 14:08:54.637149+00:00
019dab39-0769-711d-9104-eede9a40fe51,zakaria khalil,male,0.98,60,senior,TN,Tunisia,0.44,2026-04-20 14:08:54.633223+00:00
019dab39-0763-7ed0-857b-bbe691f18fe2,nomsa shabalala,female,0.86,11,child,LS,Lesotho,0.55,2026-04-20 14:08:54.627992+00:00
019dab39-075e-77ce-9d56-30d9fb859212,njoroge abebe,male,0.89,83,senior,ET,Ethiopia,0.37,2026-04-20 14:08:54.622611+00:00
019dab39-0759-75f9-837c-c73c0d37722f,hervé segla,male,0.95,19,teenager,NE,Niger,0.33,2026-04-20 14:08:54.618037+00:00
019dab39-0752-77b6-9dff-5c15535b4b31,nomsa desta,female,0.85,39,adult,MG,Madagascar,0.76,2026-04-20 14:08:54.610209+00:00
019dab39-074b-7a00-8090-8d17e6f9195f,kola eze,male,0.74,18,teenager,GH,Ghana,0.4,2026-04-20 14:08:54.604044+00:00
019dab39-0745-77e1-986a-61e1356785e9,bintou darko,female,0.86,31,adult,BJ,Benin,0.21,2026-04-20 14:08:54.597772+00:00
019dab39-073d-7d72-aa52-9c380be3b4d9,hauwa waweru,female,0.79,43,adult,KE,Kenya,0.61,2026-04-20 14:08:54.590016+00:00
019dab39-0739-778e-ab67-ca451c9f3721,hafsat cele,female,0.65,11,child,UG,Uganda,0.42,2026-04-20 14:08:54.585937+00:00
019dab39-0736-7e9f-a556-3a5290078fcb,aya bennani,female,0.75,30,adult,TN,Tunisia,0.21,2026-04-20 14:08:54.582240+00:00
019dab39-0732-7287-941a-dded805cba7e,yeshi nkosi,female,0.76,39,adult,SS,South Sudan,0.76,2026-04-20 14:08:54.578326+00:00
019dab39-072d-7eb5-8377-dac49d771270,wanja masondo,female,0.7,30,adult,KE,Kenya,0.54,2026-04-20 14:08:54.574040+00:00
019dab39-072a-70ae-8f37-6e790da6c043,ouma girma,male,0.95,71,senior,SO,Somalia,0.28,2026-04-20 14:08:54.570258+00:00
019dab39-0726-712a-96a7-4e735d6542ef,selamawit nkosi,female,0.91,18,teenager,SO,Somalia,0.4,2026-04-20 14:08:54.566621+00:00
019dab39-0721-738c-8188-2267b9f1aa02,jason evans,male,0.67,43,adult,JP,Japan,0.15,2026-04-20 14:08:54.561764+00:00
019dab39-071c-7957-a868-663d0e41038a,waweru jama,male,0.88,58,adult,MU,Mauritius,0.47,2026-04-20 14:08:54.556405+00:00
019dab39-0718-7e70-a6f4-d94db07c8fd0,hafsat bekele,female,0.74,82,senior,KE,Kenya,0.93,2026-04-20 14:08:54.552758+00:00
019dab39-0714-7b63-906f-a9a72626196a,susan brown,female,0.77,41,adult,GB,United Kingdom,0.94,2026-04-20 14:08:54.549069+00:00
019dab39-0711-79db-8338-60dc03ab467a,carol allen,female,0.79,70,senior,DE,Germany,0.67,2026-04-20 14:08:54.545112+00:00
019dab39-070c-7b27-ae63-7e755fc36174,edward jones,male,0.99,46,adult,FR,France,0.73,2026-04-20 14:08:54.540720+00:00
019dab39-0708-7af2-99eb-285f957b88af,maryam haile,female,0.97,71,senior,TZ,Tanzania,0.41,2026-04-20 14:08:54.536910+00:00
019dab39-0705-7ee2-8d30-0fab698014f9,ifeoma keïta,female,0.66,71,senior,NG,Nigeria,0.46,2026-04-20 14:08:54.533199+00:00
019dab39-0701-7ca3-bf5d-d5264f098d8b,melissa garcia,female,0.96,23,adult,IN,India,0.54,2026-04-20 14:08:54.529437+00:00
019dab39-06fc-7a8e-a951-457e01902ba4,bintou touré,female,0.87,35,adult,TG,Togo,0.43,2026-04-20 14:08:54.524627+00:00
019dab39-06f8-7d9f-9547-8b57e4995cf1,segun nikiéma,male,0.87,43,adult,GW,Guinea-Bissau,0.83,2026-04-20 14:08:54.520885+00:00
019dab39-06f5-7202-b2e5-0e202f01c22b,bongani girma,male,0.81,16,teenager,KE,Kenya,0.81,2026-04-20 14:08:54.517193+00:00
019dab39-06f1-764a-9eff-5027652a3111,sadiya abdi,female,0.93,34,adult,UG,Uganda,0.18,2026-04-20 14:08:54.513286+00:00
019dab39-06eb-731c-978b-7cec3694ae52,arsène okonkwo,male,0.78,81,senior,NG,Nigeria,0.63,2026-04-20 14:08:54.507619+00:00
019dab39-06e7-7b78-bff1-462963c82004,jama hassan,male,0.79,15,teenager,RW,Rwanda,0.77,2026-04-20 14:08:54.503286+00:00
019dab39-06e3-7c5e-82df-d1dab5e89a06,gary torres,male,0.66,10,child,US,United States,0.5,2026-04-20 14:08:54.499445+00:00
019dab39-06de-7f58-b21c-7c96f2a721b3,malak kettani,female,0.9,9,child,EG,Egypt,0.48,2026-04-20 14:08:54.494853+00:00
019dab39-06d9-7d9b-8459-9df09ad7dd5a,kevin parker,male,0.95,18,teenager,CN,China,0.19,2026-04-20 14:08:54.489953+00:00
019dab39-06d6-7749-8962-44f7dac27037,ali tadesse,male,0.84,21,adult,TZ,Tanzania,0.21,2026-04-20 14:08:54.486226+00:00
019dab39-06d2-7cc6-a066-7125820fb288,femi adeyemi,male,0.83,78,senior,GH,Ghana,0.84,2026-04-20 14:08:54.482348+00:00
019dab39-06cd-748b-a889-9940ca62b34b,hicham khatib,male,0.84,31,adult,EG,Egypt,0.43,2026-04-20 14:08:54.478069+00:00
019dab39-06c9-72a6-bc69-a35759f9a0c7,rodrigue lokossou,male,0.86,44,adult,NE,Niger,0.93,2026-04-20 14:08:54.473386+00:00
019dab39-06c5-7046-90d9-4b72215eeaa3,karen garcia,female,0.8,6,child,GB,United Kingdom,0.4,2026-04-20 14:08:54.469611+00:00
019dab39-06c1-74a0-9148-cfaa41ccb33f,george allen,male,0.92,36,adult,JP,Japan,0.38,2026-04-20 14:08:54.465707+00:00
019dab39-06bd-7b4b-ba64-9d077e524f50,girma awino,male,0.97,27,adult,TZ,Tanzania,0.68,2026-04-20 14:08:54.461779+00:00
019dab39-06b8-7f0a-ae11-905fd33c509c,kagiso farah,male,0.96,13,teenager,SS,South Sudan,0.6,2026-04-20 14:08:54.457075+00:00
019dab39-06b5-787a-9c15-32ee54670853,ouma khumalo,male,0.89,49,adult,SS,South Sudan,0.61,2026-04-20 14:08:54.453425+00:00
019dab39-06b1-76a4-9e8d-da64e99ef67e,femi boateng,male,0.95,27,adult,NG,Nigeria,0.59,2026-04-20 14:08:54.449501+00:00
019dab39-06ad-7c01-9916-560b5a1078e7,bongani ouma,male,0.93,17,teenager,MU,Mauritius,0.24,2026-04-20 14:08:54.445351+00:00
019dab39-06a8-7f43-b44b-8e487d8f0536,sipho farah,male,0.96,34,adult,DJ,Djibouti,0.19,2026-04-20 14:08:54.440612+00:00
019dab39-06a4-734d-9c2d-1f2aca199014,jessica jones,female,0.93,25,adult,JP,Japan,0.57,2026-04-20 14:08:54.436406+00:00
019dab39-069f-7b35-a2e1-a99c9dc54b20,fanta gbessi,female,0.77,82,senior,NG,Nigeria,0.73,2026-04-20 14:08:54.432117+00:00
019dab39-0699-736e-9120-41e28b08e678,nadia benali,female,0.86,51,adult,DZ,Algeria,0.42,2026-04-20 14:08:54.425834+00:00
019dab39-0694-7a9a-8ba1-2a0fe0734995,aster farah,female,0.95,52,adult,MW,Malawi,0.75,2026-04-20 14:08:54.420516+00:00
019dab39-068f-72b0-aab7-a295e1cb9a1c,gloire mukendi,female,0.74,23,adult,CD,DR Congo,0.78,2026-04-20 14:08:54.415255+00:00
019dab39-0688-7c2f-87b6-0e25952ec27f,stephanie roberts,female,0.68,48,adult,DE,Germany,0.42,2026-04-20 14:08:54.408940+00:00
019dab39-0683-7a8d-8506-ed1c668c8e52,kathleen evans,female,0.81,41,adult,US,United States,0.27,2026-04-20 14:08:54.403548+00:00
019dab39-067e-7a81-a5b5-c3ad9cd30a18,matthew smith,male,0.72,28,adult,GB,United Kingdom,0.39,2026-04-20 14:08:54.398989+00:00
019dab39-0679-7b73-a7ca-5a9aa79ce550,grâce bomboko,female,0.78,33,adult,CD,DR Congo,0.23,2026-04-20 14:08:54.393750+00:00
019dab39-0675-7eff-8b23-cb91fa8dd4c0,favour traoré,female,0.67,88,senior,GW,Guinea-Bissau,0.22,2026-04-20 14:08:54.389409+00:00
019dab39-0671-750f-bbf5-2a9f19c398f0,mumbi tadesse,female,0.75,24,adult,ET,Ethiopia,0.62,2026-04-20 14:08:54.385234+00:00
019dab39-066c-7e9d-b23a-beadb46a68d7,kathleen turner,female,0.77,47,adult,AU,Australia,0.38,2026-04-20 14:08:54.380841+00:00
019dab39-0666-702a-aeb5-fa593064a4c3,emily jackson,female,0.75,28,adult,FR,France,0.39,2026-04-20 14:08:54.375000+00:00
019dab39-0662-79d9-bb04-6c943be6f9c8,lindiwe elmi,female,0.81,90,senior,KE,Kenya,0.48,2026-04-20 14:08:54.370444+00:00
019dab39-065d-7cc6-ac84-20b7f993b80a,john white,male,0.82,17,teenager,GB,United Kingdom,0.94,2026-04-20 14:08:54.365830+00:00
019dab39-0657-7874-a7f6-cd234a49bd41,auxilia ndlovu,female,0.72,34,adult,AO,Angola,0.32,2026-04-20 14:08:54.359686+00:00
019dab39-0652-72bb-8f58-9e83a72dd622,kimberly davis,female,0.69,31,adult,DE,Germany,0.67,2026-04-20 14:08:54.354209+00:00
019dab39-064c-7c66-9416-8f8e818d9b1b,tendai mohamed,male,0.76,55,adult,KE,Kenya,0.87,2026-04-20 14:08:54.348587+00:00
019dab39-0646-7903-a831-cd6b8c24f22e,arsène mensah,male,0.87,81,senior,BJ,Benin,0.79,2026-04-20 14:08:54.342445+00:00
019dab39-0641-7150-863d-4a22b8e5350f,zodwa nxumalo,female,0.82,87,senior,ET,Ethiopia,0.2,2026-04-20 14:08:54.337160+00:00
019dab39-063b-73f3-94ac-f0732447f884,jessica carter,female,0.9,71,senior,CN,China,0.56,2026-04-20 14:08:54.331749+00:00
019dab39-0636-7e36-a1ae-bdcada994d67,rebecca mitchell,female,0.71,15,teenager,US,United States,0.6,2026-04-20 14:08:54.327010+00:00
019dab39-0632-7133-abb9-588fa84499c1,nabil bouazza,male,0.96,57,adult,SD,Sudan,0.41,2026-04-20 14:08:54.322606+00:00
019dab39-062e-746c-a0ae-660fdf427ee2,ahmed rachidi,male,0.86,84,senior,EG,Egypt,0.54,2026-04-20 14:08:54.318662+00:00
019dab39-062a-7bae-b3c6-112a0c0e1014,njeri nxumalo,female,0.93,22,adult,DJ,Djibouti,0.37,2026-04-20 14:08:54.314576+00:00
019dab39-0625-77c1-bedf-c74e1185999f,fanta sow,female,0.81,17,teenager,ML,Mali,0.32,2026-04-20 14:08:54.309191+00:00
019dab39-061f-73e9-9c89-ed930c66165c,auxilia nxumalo,female,0.95,27,adult,AO,Angola,0.59,2026-04-20 14:08:54.303255+00:00
019dab39-0618-7277-87f6-c35ffac87e6b,susan white,female,0.78,46,adult,DE,Germany,0.77,2026-04-20 14:08:54.296682+00:00
019dab39-0612-7aa8-acc6-452cf706db52,sharon white,female,0.68,40,adult,FR,France,0.94,2026-04-20 14:08:54.290575+00:00
019dab39-060c-7fa7-ad26-b78b48e755d9,khaled alaoui,male,0.94,80,senior,DZ,Algeria,0.19,2026-04-20 14:08:54.284781+00:00
019dab39-0606-719e-8b63-2b7ae4a8fb7d,tendai bekele,male,0.83,47,adult,MG,Madagascar,0.84,2026-04-20 14:08:54.279129+00:00
019dab39-0600-7e3d-a9db-968096ba87cb,araba kaboré,female,0.88,29,adult,CI,Côte d'Ivoire,0.87,2026-04-20 14:08:54.272474+00:00
019dab39-05fa-7dc4-be04-8d43c712769c,sadiya haile,female,0.92,23,adult,MG,Madagascar,0.25,2026-04-20 14:08:54.266473+00:00
019dab39-05f4-7f77-b514-bab1458a777b,wairimu getachew,female,0.95,84,senior,RW,Rwanda,0.15,2026-04-20 14:08:54.260337+00:00
019dab39-05ee-72eb-b0b4-ebb3c5b825e1,john thompson,male,0.76,55,adult,IN,India,0.82,2026-04-20 14:08:54.254363+00:00
019dab39-05e7-7f9a-98e2-8c5fb529f29a,mpho achieng,male,0.92,76,senior,SS,South Sudan,0.53,2026-04-20 14:08:54.247985+00:00
019dab39-05e1-74e6-bd5e-95c05ddfebcd,tsitsi mnguni,female,0.78,14,teenager,ZA,South Africa,0.72,2026-04-20 14:08:54.241283+00:00
019dab39-05dc-78af-89fb-921c6bb8b6df,kariuki omar,male,0.93,62,senior,MW,Malawi,0.68,2026-04-20 14:08:54.236706+00:00
019dab39-05d8-7458-aff7-b85e4bd339f0,betty wright,female,0.81,19,teenager,BR,Brazil,0.84,2026-04-20 14:08:54.232548+00:00
019dab39-05d1-71e0-b3d3-f841c034eac7,thandeka nkomo,female,0.8,17,teenager,ZA,South Africa,0.82,2026-04-20 14:08:54.226276+00:00
019dab39-05cd-72c4-a44f-7e1c992eab8f,thandeka ncube,female,0.85,17,teenager,SZ,Eswatini,0.69,2026-04-20 14:08:54.221836+00:00
019dab39-05c9-7e8a-8260-729a60a98706,kariuki haile,male,0.98,23,adult,SC,Seychelles,0.59,2026-04-20 14:08:54.217676+00:00
019dab39-05c4-77eb-8037-8fdf50b51a60,kimani mthembu,male,0.87,68,senior,MG,Madagascar,0.25,2026-04-20 14:08:54.213114+00:00
019dab39-05bf-7025-8918-ca88e8ed0ad5,adjoua gbessi,female,0.65,26,adult,GH,Ghana,0.77,2026-04-20 14:08:54.208025+00:00
019dab39-05bb-7e89-8c86-17dd95ba6649,njeri dlamini,female,0.67,34,adult,UG,Uganda,0.2,2026-04-20 14:08:54.203649+00:00
019dab39-05b7-7001-af53-bb8e81136e30,otieno ahmed,male,0.69,54,adult,TZ,Tanzania,0.52,2026-04-20 14:08:54.199367+00:00
019dab39-05b1-759f-907e-598b48a348a3,claire nguema,female,0.8,54,adult,GA,Gabon,0.41,2026-04-20 14:08:54.194584+00:00
019dab39-05ad-7bf1-a75c-d4f0132ea476,mazvita mthembu,female,0.8,22,adult,BW,Botswana,0.61,2026-04-20 14:08:54.189649+00:00
019dab39-05a9-7c22-8875-b109fb0c27ce,clarisse coulibaly,female,0.73,66,senior,SN,Senegal,0.72,2026-04-20 14:08:54.185667+00:00
019dab39-05a5-73b6-b587-12128fe70f93,tebogo mpofu,male,0.83,65,senior,AO,Angola,0.11,2026-04-20 14:08:54.181291+00:00
019dab39-059f-7132-8d94-1b06454fbb83,bintou osei,female,0.93,25,adult,CI,Côte d'Ivoire,0.74,2026-04-20 14:08:54.175856+00:00
019dab39-059b-75da-ac24-bdad7df3d254,haile bekele,male,0.88,31,adult,MG,Madagascar,0.82,2026-04-20 14:08:54.172091+00:00
019dab39-0598-79bf-9a0f-24b698573630,tigist njoroge,female,0.94,34,adult,KM,Comoros,0.2,2026-04-20 14:08:54.168283+00:00
019dab39-0594-7d37-8979-c0a8d6d322b9,ebo chukwu,male,0.76,66,senior,ML,Mali,0.18,2026-04-20 14:08:54.164127+00:00
019dab39-058f-7094-a1e4-b05ada742570,théophile mobutu,male,0.7,32,adult,CF,Central African Republic,0.23,2026-04-20 14:08:54.159136+00:00
019dab39-058b-7dab-9c15-586cfa288ba3,louis ping,male,0.93,33,adult,CD,DR Congo,0.26,2026-04-20 14:08:54.155327+00:00
019dab39-0586-79e2-84b7-6d8bb1e7dacc,calixte kaboré,male,0.71,39,adult,ML,Mali,0.87,2026-04-20 14:08:54.151031+00:00
019dab39-0582-79a9-b72b-2e6f98de4235,amara desta,male,0.69,36,adult,RW,Rwanda,0.59,2026-04-20 14:08:54.146712+00:00
019dab39-057e-7ee2-b93a-cddfe206e9fc,patricia wilson,female,0.9,55,adult,US,United States,0.74,2026-04-20 14:08:54.142230+00:00
019dab39-057a-753d-9a78-ee8bc7c6e74b,nokwanda waweru,female,0.72,22,adult,UG,Uganda,0.63,2026-04-20 14:08:54.138244+00:00
019dab39-0576-7271-b178-9067f8dfeb73,ndéye eze,female,0.72,32,adult,ML,Mali,0.25,2026-04-20 14:08:54.134230+00:00
019dab39-0571-71c7-ab01-511fcde3a617,chisom tchalla,female,0.69,57,adult,SL,Sierra Leone,0.73,2026-04-20 14:08:54.130122+00:00
019dab39-056d-7ca2-82a4-d084f3986d14,clarisse dao,female,0.75,40,adult,MR,Mauritania,0.2,2026-04-20 14:08:54.125138+00:00
019dab39-0568-7e97-852e-73ecb9d1e392,kevin johnson,male,0.84,28,adult,US,United States,0.8,2026-04-20 14:08:54.120232+00:00
019dab39-0563-7f40-af2c-47f2bc7b9ff0,nokwanda getachew,female,0.69,21,adult,TZ,Tanzania,0.27,2026-04-20 14:08:54.115869+00:00
019dab39-055f-7a39-8b32-76dd32fcf4bc,providence eyeghe,female,0.99,9,child,CF,Central African Republic,0.88,2026-04-20 14:08:54.111668+00:00
019dab39-055a-7bf8-9882-1b957bed644c,mekdes tesfaye,female,0.78,11,child,MZ,Mozambique,0.86,2026-04-20 14:08:54.106656+00:00
019dab39-0555-70f0-9566-830d06f85334,joseph dao,male,0.91,88,senior,SN,Senegal,0.13,2026-04-20 14:08:54.101930+00:00
019dab39-0551-7952-b8db-2d1f1b6eeb9d,cheikh zongo,male,0.95,81,senior,NG,Nigeria,0.14,2026-04-20 14:08:54.097875+00:00
019dab39-054c-71b0-b8e2-e331c2655455,fanta osei,female,0.88,51,adult,SN,Senegal,0.42,2026-04-20 14:08:54.093012+00:00
019dab39-0548-7072-83bb-c6b9f39a160e,getachew dlamini,male,0.84,35,adult,ET,Ethiopia,0.11,2026-04-20 14:08:54.088638+00:00
019dab39-0544-7fc5-9133-066cdde4cfd5,zineb khatib,female,0.98,29,adult,EG,Egypt,0.5,2026-04-20 14:08:54.084188+00:00
019dab39-053e-74a4-bfd6-9d8021991ed7,wanjiru haile,female,0.91,6,child,MZ,Mozambique,0.83,2026-04-20 14:08:54.078809+00:00
019dab39-0537-7092-84be-b0143186b1e3,zanele mpofu,female,0.91,33,adult,SZ,Eswatini,0.59,2026-04-20 14:08:54.072087+00:00
019dab39-0532-7cc9-94b8-31819744332e,nokwanda mwangi,female,0.7,36,adult,TZ,Tanzania,0.15,2026-04-20 14:08:54.066818+00:00
019dab39-052c-7a30-a0fd-696d9fb2509d,kofi compaoré,male,0.8,39,adult,GW,Guinea-Bissau,0.88,2026-04-20 14:08:54.060272+00:00
019dab39-0525-7d08-ac89-57ed26a9c3dd,astou tapsoba,female,0.9,34,adult,LR,Liberia,0.78,2026-04-20 14:08:54.053711+00:00
019dab39-0520-7ce1-9375-eba9c184aeeb,ndéye konaté,female,0.8,52,adult,NG,Nigeria,0.34,2026-04-20 14:08:54.048598+00:00
019dab39-051a-770a-a382-331a484c1896,amina ouma,female,0.82,69,senior,KE,Kenya,0.43,2026-04-20 14:08:54.042535+00:00
019dab39-0516-7f36-aa8f-8ce21ba063fc,grâce sidibé,female,0.95,43,adult,SN,Senegal,0.94,2026-04-20 14:08:54.038126+00:00
019dab39-0512-74cb-b5d4-703525d7dd61,adjoua owusu,female,0.95,35,adult,CI,Côte d'Ivoire,0.39,2026-04-20 14:08:54.034220+00:00
019dab39-050d-7a85-9c0a-302151fb9288,esi nwosu,female,0.93,87,senior,NG,Nigeria,0.22,2026-04-20 14:08:54.029621+00:00
019dab39-0507-7682-a50f-ea6320bc686e,fiifi boateng,male,0.68,44,adult,ML,Mali,0.28,2026-04-20 14:08:54.023276+00:00
019dab39-0502-7023-86bb-cc6ccb4cfa63,yasmine filali,female,0.73,9,child,MA,Morocco,0.42,2026-04-20 14:08:54.018650+00:00
019dab39-04fd-727e-8c7c-7acbcc9ebac1,ouma abebe,male,0.96,19,teenager,MZ,Mozambique,0.19,2026-04-20 14:08:54.013850+00:00
019dab39-04f7-70ab-8481-00586d0cc953,salma benali,female,0.79,58,adult,SD,Sudan,0.32,2026-04-20 14:08:54.007629+00:00
019dab39-04f2-71ea-a211-9851f7cc74da,girma ahmed,male,0.96,6,child,ET,Ethiopia,0.12,2026-04-20 14:08:54.002431+00:00
019dab39-04ec-7803-9702-6a6547be0172,hiwot ouma,female,0.88,77,senior,ET,Ethiopia,0.33,2026-04-20 14:08:53.996918+00:00
019dab39-04e4-7c91-a930-f7e22e4b6634,linda anderson,female,0.94,35,adult,CA,Canada,0.76,2026-04-20 14:08:53.988966+00:00
019dab39-04e0-79c2-9a64-710fe29a3bb1,parfait obiang,male,0.94,29,adult,CM,Cameroon,0.68,2026-04-20 14:08:53.984433+00:00
019dab39-04dc-71ba-b053-eb4e6888990f,abena adjei,female,0.76,24,adult,BJ,Benin,0.72,2026-04-20 14:08:53.980592+00:00
019dab39-04d7-7294-ab36-b548d3bc4eaf,thabo ndlovu,male,0.88,25,adult,UG,Uganda,0.91,2026-04-20 14:08:53.975291+00:00
019dab39-04d3-7571-b698-f3e7f95636a9,chipo shabalala,female,0.77,37,adult,ZM,Zambia,0.27,2026-04-20 14:08:53.971535+00:00
019dab39-04cf-7edc-924a-d5922d9d59f8,wangari farah,female,0.73,36,adult,KE,Kenya,0.8,2026-04-20 14:08:53.967835+00:00
019dab39-04cb-7f96-8294-4857633eb99b,alexis camara,male,0.93,20,adult,NG,Nigeria,0.12,2026-04-20 14:08:53.963928+00:00
019dab39-04c5-73ca-932b-6c55eef9b986,hajar khatib,female,0.7,18,teenager,SD,Sudan,0.71,2026-04-20 14:08:53.957787+00:00
019dab39-04c1-71df-9aa7-abbccb8d1275,zineb tahir,female,0.93,25,adult,EG,Egypt,0.42,2026-04-20 14:08:53.953874+00:00
019dab39-04bd-79a8-a48b-615167211f59,jacques mukendi,male,0.77,79,senior,CM,Cameroon,0.54,2026-04-20 14:08:53.949999+00:00
019dab39-04b9-7a36-af08-463f7cdca684,rim khatib,female,0.98,63,senior,DZ,Algeria,0.29,2026-04-20 14:08:53.945865+00:00
019dab39-04b5-7637-bf3a-5ec41fdff915,steven anderson,male,0.88,37,adult,JP,Japan,0.22,2026-04-20 14:08:53.941189+00:00
019dab39-04b0-73f3-8301-36398107c0e8,dina tazi,female,0.71,18,teenager,EG,Egypt,0.22,2026-04-20 14:08:53.936761+00:00
019dab39-04ac-7e68-aa57-87cfeef56623,stephanie adams,female,0.75,34,adult,FR,France,0.47,2026-04-20 14:08:53.932567+00:00
019dab39-04a7-71fe-a5ab-ee4f3cda57f1,ekow barro,male,0.78,27,adult,SN,Senegal,0.75,2026-04-20 14:08:53.927649+00:00
019dab39-04a2-791d-b2d2-addce87443fe,kunle segla,male,0.97,7,child,MR,Mauritania,0.5,2026-04-20 14:08:53.922185+00:00
019dab39-049d-7bcb-abee-71c8b9d73bc1,timothy white,male,0.74,24,adult,FR,France,0.61,2026-04-20 14:08:53.917608+00:00
019dab39-0498-7294-811e-9f0715ba2544,moussa sawadogo,male,0.71,16,teenager,BJ,Benin,0.57,2026-04-20 14:08:53.913071+00:00
019dab39-0493-70b6-a23e-c166d1dad1a6,kunle nwosu,male,0.94,52,adult,GH,Ghana,0.21,2026-04-20 14:08:53.907396+00:00
019dab39-048e-768d-87d4-58644ee3f60d,simba moyo,male,0.89,84,senior,ZA,South Africa,0.63,2026-04-20 14:08:53.902939+00:00
019dab39-048a-7561-aa6a-8aaebe9fb012,sipho haile,male,0.9,54,adult,MG,Madagascar,0.72,2026-04-20 14:08:53.898370+00:00
019dab39-0483-7d6e-90b7-e0583dc2994e,louis bomboko,male,0.67,44,adult,CM,Cameroon,0.83,2026-04-20 14:08:53.891183+00:00
019dab39-047f-79c8-a405-1947926fd648,ibrahima olawale,male,0.71,53,adult,NG,Nigeria,0.48,2026-04-20 14:08:53.887219+00:00
019dab39-047b-760c-aa01-d56179006925,tigist awino,female,0.96,48,adult,TZ,Tanzania,0.8,2026-04-20 14:08:53.883120+00:00
019dab39-0476-7381-aae1-fdf3bda94df4,grâce afolabi,female,0.71,48,adult,GH,Ghana,0.41,2026-04-20 14:08:53.878547+00:00
019dab39-0471-77c9-b4c3-3dd998ffa80a,clarisse tchalla,female,0.66,26,adult,SN,Senegal,0.1,2026-04-20 14:08:53.873232+00:00
019dab39-046d-786d-b316-1938af31a4bb,simba mpofu,male,0.89,57,adult,BW,Botswana,0.78,2026-04-20 14:08:53.869740+00:00
019dab39-0469-72d1-a292-ae712ce84137,nompumelelo masondo,female,0.97,32,adult,KE,Kenya,0.77,2026-04-20 14:08:53.865949+00:00
019dab39-0464-7788-8fad-3bd9d5bf9034,maryam kamau,female,0.74,81,senior,KE,Kenya,0.92,2026-04-20 14:08:53.860791+00:00
019dab39-0460-7a6e-b575-d92edd522cd3,honorine sow,female,0.74,78,senior,NG,Nigeria,0.47,2026-04-20 14:08:53.856175+00:00
019dab39-045b-7c80-a953-3e944eaae403,zanele getachew,female,0.91,29,adult,RW,Rwanda,0.34,2026-04-20 14:08:53.851946+00:00
019dab39-0457-77f1-9394-3a51a02a8712,laila rachidi,female,0.94,30,adult,MA,Morocco,0.1,2026-04-20 14:08:53.847975+00:00
019dab39-0452-7868-8cc4-3117510994e1,nokwanda sibanda,female,0.71,19,teenager,ZA,South Africa,0.5,2026-04-20 14:08:53.842534+00:00
019dab39-044e-7550-9bcf-da83126677b1,andré nguema,male,0.74,28,adult,CG,Republic of the Congo,0.26,2026-04-20 14:08:53.838549+00:00
019dab39-044a-77d7-822e-84906121088f,wangari adhiambo,female,0.75,35,adult,ET,Ethiopia,0.55,2026-04-20 14:08:53.834511+00:00
019dab39-0445-7dc6-9dcd-4bf39897fb6a,tafadzwa khumalo,male,0.74,45,adult,ZW,Zimbabwe,0.16,2026-04-20 14:08:53.829999+00:00
019dab39-043f-7735-a92e-4867afc35992,otieno mnguni,male,0.78,29,adult,KE,Kenya,0.63,2026-04-20 14:08:53.823786+00:00
019dab39-043a-77e7-8daa-eaef1bac0a88,efua agbodji,female,0.99,18,teenager,CI,Côte d'Ivoire,0.2,2026-04-20 14:08:53.819025+00:00
019dab39-0436-71b9-bbf6-182b8a43b431,ashley roberts,female,0.9,32,adult,GB,United Kingdom,0.67,2026-04-20 14:08:53.814645+00:00
019dab39-0431-73d1-8d29-26814d511a38,thomas white,male,0.69,20,adult,IN,India,0.73,2026-04-20 14:08:53.809236+00:00
019dab39-042c-7220-ba59-58056d4ac8ef,estelle asante,female,0.89,31,adult,NG,Nigeria,0.5,2026-04-20 14:08:53.804760+00:00
019dab39-0428-7c6b-bbf0-2ef9d56d563b,joy sow,female,0.81,17,teenager,ML,Mali,0.2,2026-04-20 14:08:53.800360+00:00
019dab39-0421-709f-8e12-f89403605634,adhiambo waweru,female,0.71,85,senior,MG,Madagascar,0.82,2026-04-20 14:08:53.793894+00:00
019dab39-041b-76ed-b84b-ddf9bea49612,jeanne nkoghe,female,0.97,10,child,CD,DR Congo,0.85,2026-04-20 14:08:53.787804+00:00
019dab39-0416-7a06-9e40-807763c68735,gloire obiang,female,0.65,37,adult,CD,DR Congo,0.23,2026-04-20 14:08:53.782265+00:00
019dab39-040f-7e35-aa95-1469614025d6,youssef amrani,male,0.76,52,adult,DZ,Algeria,0.75,2026-04-20 14:08:53.776131+00:00
019dab39-040a-715c-bb4a-2298a84ee9b7,yaa compaoré,female,0.85,32,adult,MR,Mauritania,0.15,2026-04-20 14:08:53.770810+00:00
019dab39-0406-7bdf-977b-d8755c0e3442,njoroge nkosi,male,0.7,81,senior,TZ,Tanzania,0.89,2026-04-20 14:08:53.766844+00:00
019dab39-0401-79ca-974a-677302e3ea10,aster ndlovu,female,0.82,13,teenager,MU,Mauritius,0.44,2026-04-20 14:08:53.762021+00:00
019dab39-03fd-7072-9cc5-c3e1feadedcc,françois bongo,male,0.77,19,teenager,CF,Central African Republic,0.92,2026-04-20 14:08:53.757169+00:00
019dab39-03f8-775e-b4f1-31f166e91ef0,bintou segla,female,0.83,69,senior,NG,Nigeria,0.62,2026-04-20 14:08:53.753028+00:00
019dab39-03f2-7eed-97f1-0d3829e9d235,halima omar,female,0.83,25,adult,RW,Rwanda,0.53,2026-04-20 14:08:53.746965+00:00
019dab39-03ec-7043-b434-20d7b0840b48,jason phillips,male,0.91,30,adult,CN,China,0.72,2026-04-20 14:08:53.740946+00:00
019dab39-03e6-711a-ae14-e6e0f3955461,richard segla,male,0.89,55,adult,SN,Senegal,0.27,2026-04-20 14:08:53.734934+00:00
019dab39-03e0-7f45-9296-79e47512f151,siham khalil,female,0.86,55,adult,MA,Morocco,0.28,2026-04-20 14:08:53.729123+00:00
019dab39-03d9-76a6-85a6-422031e0bb09,mercy coulibaly,female,0.77,89,senior,BF,Burkina Faso,0.42,2026-04-20 14:08:53.721751+00:00
019dab39-03d5-746c-aefd-92267e1cf1eb,amira alaoui,female,0.66,66,senior,TN,Tunisia,0.15,2026-04-20 14:08:53.717409+00:00
019dab39-03cf-725d-bd15-ca9584c939cc,afia adomou,female,0.9,81,senior,BJ,Benin,0.32,2026-04-20 14:08:53.712015+00:00
019dab39-03c9-71fb-a1a2-eb706b3f056e,hirut warsame,female,0.77,31,adult,ET,Ethiopia,0.26,2026-04-20 14:08:53.705607+00:00
019dab39-03c3-7aab-b7f3-7372860389cf,farah desta,male,0.99,18,teenager,KE,Kenya,0.7,2026-04-20 14:08:53.700056+00:00
019dab39-03bd-7bd7-8a97-6f13f534f24e,omar abdi,male,0.87,25,adult,ET,Ethiopia,0.19,2026-04-20 14:08:53.693923+00:00
019dab39-03b9-75ec-87f2-e24229c694a3,simba ndebele,male,0.84,56,adult,AO,Angola,0.72,2026-04-20 14:08:53.689326+00:00
019dab39-03b5-7e26-b119-50478c044bc0,kunle zongo,male,0.73,6,child,ML,Mali,0.74,2026-04-20 14:08:53.685590+00:00
019dab39-03b1-7766-89d9-8f6bdb202d0f,cheikh agyei,male,0.79,49,adult,NG,Nigeria,0.19,2026-04-20 14:08:53.681958+00:00
019dab39-03ad-76a1-b509-e3d4427fd067,adhiambo farah,female,0.79,10,child,BI,Burundi,0.6,2026-04-20 14:08:53.678164+00:00
019dab39-03a8-7486-922f-f26bcdab3c26,jason jackson,male,0.65,5,child,IN,India,0.65,2026-04-20 14:08:53.672967+00:00
019dab39-03a5-7c62-a151-24231786b76b,mumbi hassan,female,0.76,52,adult,ET,Ethiopia,0.79,2026-04-20 14:08:53.669321+00:00
019dab39-03a1-7710-b83c-2a88214e33f4,tesfaye nkosi,male,0.86,8,child,ET,Ethiopia,0.52,2026-04-20 14:08:53.665322+00:00
019dab39-039c-7e01-9cbc-2bf1d30e0d4b,assata compaoré,female,0.73,41,adult,GH,Ghana,0.78,2026-04-20 14:08:53.660784+00:00
019dab39-0397-7d3f-ad09-709299b5af7c,nabil amrani,male,0.69,47,adult,MA,Morocco,0.3,2026-04-20 14:08:53.655587+00:00
019dab39-0393-74d8-95f9-1c461d6e232a,joy camara,female,0.71,56,adult,MR,Mauritania,0.55,2026-04-20 14:08:53.651826+00:00
019dab39-038e-7b64-8de4-3ee345403e73,nompumelelo bekele,female,0.7,69,senior,ET,Ethiopia,0.71,2026-04-20 14:08:53.646880+00:00
019dab39-0389-7ade-ab19-cf5270687885,kimberly hill,female,0.82,21,adult,US,United States,0.29,2026-04-20 14:08:53.641384+00:00
019dab39-0385-7bc4-9933-7b815635469a,waweru alemu,male,0.85,66,senior,ER,Eritrea,0.25,2026-04-20 14:08:53.637611+00:00
019dab39-0381-7306-b041-9779cf789274,paul bongo,male,0.79,57,adult,CM,Cameroon,0.24,2026-04-20 14:08:53.633374+00:00
019dab39-037d-7a2b-a389-ae98cf3a084d,gary hill,male,0.96,48,adult,GB,United Kingdom,0.78,2026-04-20 14:08:53.629209+00:00
019dab39-0377-7548-9299-3add63669157,didier lokossou,male,0.87,23,adult,BJ,Benin,0.46,2026-04-20 14:08:53.623505+00:00
019dab39-0373-751e-ae1d-7e38d9715262,christopher nguyen,male,0.85,16,teenager,US,United States,0.69,2026-04-20 14:08:53.619598+00:00
019dab39-036f-7adf-b9ed-499add904190,assata kaboré,female,0.9,14,teenager,LR,Liberia,0.58,2026-04-20 14:08:53.615387+00:00
019dab39-0369-7766-9d4b-2316b76a7233,akosua darko,female,0.7,72,senior,NG,Nigeria,0.72,2026-04-20 14:08:53.610069+00:00
019dab39-0365-7c04-b4c9-170aacb26a32,awino jama,female,0.91,19,teenager,KE,Kenya,0.49,2026-04-20 14:08:53.605393+00:00
019dab39-0361-7522-94b4-d83789d5257b,laura mitchell,female,0.97,26,adult,CA,Canada,0.5,2026-04-20 14:08:53.601395+00:00
019dab39-035c-7884-b1b1-d08e47da9954,théodore keïta,male,0.91,9,child,GH,Ghana,0.38,2026-04-20 14:08:53.596444+00:00
019dab39-0356-787e-8340-d261441905a7,ismail eze,male,0.78,62,senior,BJ,Benin,0.57,2026-04-20 14:08:53.590191+00:00
019dab39-0352-7055-bbca-5caa143ca934,mekdes tadesse,female,0.97,20,adult,MZ,Mozambique,0.55,2026-04-20 14:08:53.586445+00:00
019dab39-034e-744a-bde1-6165a2031fec,yaa tapsoba,female,0.74,22,adult,GH,Ghana,0.34,2026-04-20 14:08:53.582503+00:00
019dab39-034a-7a22-8971-a0b6265c7383,amina ndlovu,female,0.79,55,adult,MG,Madagascar,0.23,2026-04-20 14:08:53.578272+00:00
019dab39-0345-7dc3-8d28-af44397fc404,hassan lamrani,male,0.72,51,adult,EG,Egypt,0.93,2026-04-20 14:08:53.573782+00:00
019dab39-0342-7e6b-be4f-a1b570b72492,elizabeth perez,female,0.87,47,adult,FR,France,0.24,2026-04-20 14:08:53.570128+00:00
019dab39-033e-7f61-a914-1174bf1d6122,mumbi masondo,female,0.96,57,adult,KE,Kenya,0.44,2026-04-20 14:08:53.566357+00:00
019dab39-0339-7b85-9c64-665f408dc619,thandeka dlamini,female,0.91,5,child,BW,Botswana,0.6,2026-04-20 14:08:53.561906+00:00
019dab39-0334-7f1f-a610-849cc8bb1679,george garcia,male,0.68,78,senior,CN,China,0.36,2026-04-20 14:08:53.556805+00:00
019dab39-0330-7680-9798-f23c915c4cfb,andrew anderson,male,0.71,5,child,AU,Australia,0.11,2026-04-20 14:08:53.552745+00:00
019dab39-032c-7f9c-957e-6458718a2ff1,mengistu mengistu,male,0.75,43,adult,UG,Uganda,0.56,2026-04-20 14:08:53.548827+00:00
019dab39-0327-76d4-afc2-5046577df901,rené kalonji,male,0.95,81,senior,CD,DR Congo,0.25,2026-04-20 14:08:53.543762+00:00
019dab39-0323-7a5b-919c-61602ef12f3b,david flores,male,0.72,25,adult,US,United States,0.21,2026-04-20 14:08:53.539142+00:00
019dab39-031f-7e31-a0b3-e122a471e313,munashe mthembu,male,0.96,45,adult,ZM,Zambia,0.26,2026-04-20 14:08:53.535209+00:00
019dab39-031b-7433-bb66-08fcc65ac62f,karen allen,female,0.8,90,senior,GB,United Kingdom,0.37,2026-04-20 14:08:53.531228+00:00
019dab39-0316-7842-8169-afbeaf54e082,ndéye agyei,female,0.91,66,senior,SN,Senegal,0.72,2026-04-20 14:08:53.526301+00:00
019dab39-0311-7e57-bb4d-7886a70d40dc,wangari khumalo,female,0.76,85,senior,ET,Ethiopia,0.55,2026-04-20 14:08:53.521889+00:00
019dab39-030c-769b-b080-504967044320,kenneth jackson,male,0.72,48,adult,GB,United Kingdom,0.65,2026-04-20 14:08:53.516463+00:00
019dab39-0305-7393-8c57-5a052face0ca,younes amrani,male,0.71,37,adult,MA,Morocco,0.19,2026-04-20 14:08:53.509980+00:00
019dab39-0300-7fc4-8a23-0bfc34c72295,patient bongo,male,0.84,57,adult,CD,DR Congo,0.66,2026-04-20 14:08:53.504383+00:00
019dab39-02fb-723d-9af1-0598e00775bb,laura thomas,female,0.79,35,adult,AU,Australia,0.6,2026-04-20 14:08:53.499339+00:00
019dab39-02f5-784f-b05a-ba844a8650ad,sandra parker,female,0.7,54,adult,US,United States,0.88,2026-04-20 14:08:53.493608+00:00
019dab39-02f1-701c-82f9-50c1abb0a904,chisom okonkwo,female,0.81,29,adult,EH,Western Sahara,0.1,2026-04-20 14:08:53.489294+00:00
019dab39-02ed-7da3-8c40-a52658b37779,jacques obiang,male,0.83,88,senior,CD,DR Congo,0.88,2026-04-20 14:08:53.485500+00:00
019dab39-02e9-7693-adb0-a44014642a1d,akua konaté,female,0.9,77,senior,BJ,Benin,0.72,2026-04-20 14:08:53.481638+00:00
019dab39-02e5-70c1-869c-b0a716c69909,cheikh bah,male,0.92,27,adult,GH,Ghana,0.56,2026-04-20 14:08:53.477476+00:00
019dab39-02e0-75a5-959d-da26be68f1db,aya khatib,female,0.66,49,adult,EG,Egypt,0.77,2026-04-20 14:08:53.472438+00:00
019dab39-02dc-7e04-868b-eb8a3b29bbc9,nokwanda mpofu,female,0.7,38,adult,ZW,Zimbabwe,0.49,2026-04-20 14:08:53.468559+00:00
019dab39-02d6-7caf-89c1-49dba95aa7c7,richard torres,male,0.87,56,adult,US,United States,0.79,2026-04-20 14:08:53.462886+00:00
019dab39-02d0-7c4d-9541-71e9039f4533,assata touré,female,0.83,29,adult,GH,Ghana,0.27,2026-04-20 14:08:53.456781+00:00
019dab39-02cc-70a5-bbd9-a20f2b6d9ee9,hamza amrani,male,0.87,47,adult,TN,Tunisia,0.86,2026-04-20 14:08:53.452230+00:00
019dab39-02c8-7181-b881-c3be80887737,michael campbell,male,0.65,58,adult,US,United States,0.28,2026-04-20 14:08:53.448329+00:00
019dab39-02c2-7424-a88f-0832a41c6ff4,nandi mnguni,female,0.7,28,adult,NA,Namibia,0.59,2026-04-20 14:08:53.442390+00:00
019dab39-02be-78fe-87ab-5f3a997a713b,rokhaya konaté,female,0.76,17,teenager,NG,Nigeria,0.53,2026-04-20 14:08:53.438432+00:00
019dab39-02b8-7804-81c0-63adb2ac1fff,thandeka kamau,female,0.87,49,adult,SO,Somalia,0.93,2026-04-20 14:08:53.432745+00:00
019dab39-02b3-70f9-a7e0-bbfb09c692f8,bongiwe moyo,female,0.88,56,adult,ZA,South Africa,0.21,2026-04-20 14:08:53.427489+00:00
019dab39-02ae-7f5d-973f-62564f8fd006,abdi getachew,male,0.75,74,senior,KE,Kenya,0.21,2026-04-20 14:08:53.422725+00:00
019dab39-02a9-7531-87aa-022ece95dd02,james allen,male,0.83,14,teenager,FR,France,0.9,2026-04-20 14:08:53.417944+00:00
019dab39-02a4-7fee-9516-8506f2480a06,ikram benali,female,0.69,50,adult,TN,Tunisia,0.24,2026-04-20 14:08:53.412863+00:00
019dab39-029f-745c-8912-8acbf466c1a2,maryam odhiambo,female,0.67,18,teenager,TZ,Tanzania,0.24,2026-04-20 14:08:53.407291+00:00
019dab39-029a-7ba8-8402-a106e182eff2,kunle zinsou,male,0.73,10,child,ML,Mali,0.94,2026-04-20 14:08:53.402715+00:00
019dab39-0295-72cc-a5f8-c745c088331a,andrew thomas,male,0.66,28,adult,BR,Brazil,0.49,2026-04-20 14:08:53.397837+00:00
019dab39-0291-77b5-bbd5-e054c6216b96,zodwa bekele,female,0.81,36,adult,MW,Malawi,0.95,2026-04-20 14:08:53.393704+00:00
019dab39-028d-758e-bfe0-dfd68c39b9e4,walid hajji,male,0.71,29,adult,MA,Morocco,0.51,2026-04-20 14:08:53.389836+00:00
019dab39-0289-7c0b-a270-e0fbc8e1302e,bilkisu abebe,female,0.65,24,adult,TZ,Tanzania,0.94,2026-04-20 14:08:53.385526+00:00
019dab39-0283-7c0f-8de0-0a8f460f26ec,aster getachew,female,0.75,41,adult,ET,Ethiopia,0.85,2026-04-20 14:08:53.379347+00:00
019dab39-027e-7558-8368-2cd85a593025,tesfaye ahmed,male,0.89,58,adult,MZ,Mozambique,0.88,2026-04-20 14:08:53.374697+00:00
019dab39-027a-744b-a80e-da070ad33365,nour rachidi,female,0.78,32,adult,SD,Sudan,0.56,2026-04-20 14:08:53.371054+00:00
019dab39-0276-7378-b45d-3bcb9b410ef0,kunle gbessi,male,0.84,61,senior,CI,Côte d'Ivoire,0.72,2026-04-20 14:08:53.367030+00:00
019dab39-0273-7784-ada5-b9b99316c7fb,esi sawadogo,female,0.68,46,adult,GM,Gambia,0.18,2026-04-20 14:08:53.363203+00:00
019dab39-026f-7796-a92b-f4141968707a,sipho mnguni,male,0.75,60,senior,KE,Kenya,0.35,2026-04-20 14:08:53.359191+00:00
019dab39-026b-7ec4-ba89-c4e475b73b2d,laila saidi,female,0.66,52,adult,SD,Sudan,0.57,2026-04-20 14:08:53.355469+00:00
019dab39-0266-7427-a77a-d503bf1cc2dd,joseph scott,male,0.83,83,senior,GB,United Kingdom,0.22,2026-04-20 14:08:53.350860+00:00
019dab39-0260-7674-8791-3d0d363c04a5,bayo ouédraogo,male,0.99,27,adult,NG,Nigeria,0.81,2026-04-20 14:08:53.344471+00:00
019dab39-025b-7a7e-a6ba-94bebee47ad2,généreuse mboumba,female,0.71,40,adult,CD,DR Congo,0.39,2026-04-20 14:08:53.339761+00:00
019dab39-0257-78e3-a415-710fa748fe7d,rumbidzai mnguni,female,0.96,32,adult,NA,Namibia,0.26,2026-04-20 14:08:53.335571+00:00
019dab39-0250-7438-9068-ebf8ff8ef82f,maame kaboré,female,0.8,56,adult,SN,Senegal,0.29,2026-04-20 14:08:53.328996+00:00
019dab39-024b-713b-8eb6-a468a1219fc2,adhiambo mnguni,female,0.79,83,senior,KE,Kenya,0.47,2026-04-20 14:08:53.323348+00:00
019dab39-0243-73f8-b009-6eb80fbbe249,adaeze coulibaly,female,0.73,41,adult,NG,Nigeria,0.6,2026-04-20 14:08:53.316049+00:00
019dab39-023c-76d3-8296-ec703bcc4b41,ayasha kamau,female,0.82,46,adult,RW,Rwanda,0.68,2026-04-20 14:08:53.309092+00:00
019dab39-0234-715a-b462-abba01adc436,fortuné mboumba,male,0.95,17,teenager,GA,Gabon,0.53,2026-04-20 14:08:53.300459+00:00
019dab39-0225-79de-a62b-af6da05fbe7a,sadiya awino,female,0.7,17,teenager,TZ,Tanzania,0.24,2026-04-20 14:08:53.285695+00:00
019dab39-021f-7bb7-bef8-bd940013c082,nomsa ouma,female,0.94,42,adult,UG,Uganda,0.31,2026-04-20 14:08:53.279406+00:00
019dab39-0219-74ef-87cf-7ac8584fb3b2,kagiso mohamed,male,0.98,7,child,ER,Eritrea,0.43,2026-04-20 14:08:53.273259+00:00
019dab39-0213-760f-aa4d-a7cf9095a5b3,carol green,female,0.81,55,adult,GB,United Kingdom,0.65,2026-04-20 14:08:53.267644+00:00
019dab39-020c-72d2-bd2f-85c99a6fcbd0,mazvita ndebele,female,0.76,50,adult,ZM,Zambia,0.91,2026-04-20 14:08:53.260306+00:00
019dab39-0207-7c57-bf36-43163bcae22b,rakiya otieno,female,0.97,14,teenager,KE,Kenya,0.38,2026-04-20 14:08:53.255784+00:00
019dab39-0203-7162-b665-26128b3660ec,tadesse achieng,male,0.83,34,adult,UG,Uganda,0.49,2026-04-20 14:08:53.251594+00:00
019dab39-01ff-7181-8edc-889a479a9cdd,zanele mnguni,female,0.68,30,adult,KE,Kenya,0.85,2026-04-20 14:08:53.247648+00:00
019dab39-01fa-7cde-b3c5-d6323003a3b3,kevin king,male,0.68,35,adult,FR,France,0.62,2026-04-20 14:08:53.242471+00:00
019dab39-01f6-7fa2-9057-a865bee404c3,véronique mukendi,female,0.77,55,adult,CD,DR Congo,0.24,2026-04-20 14:08:53.238381+00:00
019dab39-01f1-7a90-849b-758e7309eb44,susan edwards,female,0.83,54,adult,IN,India,0.42,2026-04-20 14:08:53.233886+00:00
019dab39-01eb-7d89-a8e0-3bacf5cda3fb,tendai mwangi,male,0.75,6,child,TZ,Tanzania,0.4,2026-04-20 14:08:53.228058+00:00
019dab39-01e6-718a-af5b-04f8026f907f,thandiwe dube,female,0.81,15,teenager,AO,Angola,0.52,2026-04-20 14:08:53.222916+00:00
019dab39-01e1-7a54-b26c-8d529f90842a,tanaka khumalo,male,0.9,24,adult,ZA,South Africa,0.5,2026-04-20 14:08:53.217689+00:00
019dab39-01d9-75db-b04a-7d20f28f3bd2,tafadzwa cele,male,0.92,37,adult,ZA,South Africa,0.5,2026-04-20 14:08:53.209466+00:00
019dab39-01d3-7d8e-975b-2ecd930462a7,paul sidibé,male,0.75,40,adult,ML,Mali,0.23,2026-04-20 14:08:53.204093+00:00
019dab39-01ce-70ae-a202-7ddee2278d2d,zanele moyo,female,0.9,58,adult,ZA,South Africa,0.6,2026-04-20 14:08:53.198505+00:00
019dab39-01c7-77b2-b65d-277af58991e6,odhiambo kamau,male,0.7,64,senior,MZ,Mozambique,0.48,2026-04-20 14:08:53.191650+00:00
019dab39-01c2-743d-8a28-30b4beed76f1,miséricorde eyeghe,female,0.88,45,adult,CG,Republic of the Congo,0.36,2026-04-20 14:08:53.186292+00:00
019dab39-01bd-7015-bc65-2cccdd9f56f7,yaa adomou,female,0.78,50,adult,CV,Cape Verde,0.28,2026-04-20 14:08:53.182052+00:00
019dab39-01b9-7b49-9399-dd468e1cde24,anne kasavubu,female,0.88,43,adult,CM,Cameroon,0.29,2026-04-20 14:08:53.177402+00:00
019dab39-01b4-7dbc-8be7-5cb5b574921b,elizabeth harris,female,0.77,32,adult,IN,India,0.11,2026-04-20 14:08:53.172171+00:00
019dab39-01af-78dc-a1d6-1017794a3f02,john adams,male,0.98,37,adult,GB,United Kingdom,0.52,2026-04-20 14:08:53.167134+00:00
019dab39-01aa-7b7b-bf86-7afd9d150ef0,nandi girma,female,0.8,57,adult,MG,Madagascar,0.4,2026-04-20 14:08:53.162487+00:00
019dab39-01a5-7395-a413-6763a420513b,kimberly scott,female,0.9,5,child,US,United States,0.34,2026-04-20 14:08:53.157337+00:00
019dab39-01a0-7b5c-8e3b-5e2700ce336f,nabil saidi,male,0.8,80,senior,SD,Sudan,0.49,2026-04-20 14:08:53.153198+00:00
019dab39-0195-7844-b8db-45d3664f260c,hassan girma,male,0.85,37,adult,UG,Uganda,0.38,2026-04-20 14:08:53.141121+00:00
019dab39-0191-7af9-8134-6c447402d065,mercy agyei,female,0.79,9,child,NG,Nigeria,0.11,2026-04-20 14:08:53.137710+00:00
019dab39-018a-7c5c-95c9-6e533d32ee39,awino hassan,female,0.66,68,senior,TZ,Tanzania,0.6,2026-04-20 14:08:53.130855+00:00
